"","PID","Stage","TBTW.Previous","TBTW.Confirm","Pos.Anticipate","Neg.Anticipate","Fear.Before","Fear.During","Fear.After","S1.Fear","S1.Memory","S2.Fear","S2.Memory","S3.Fear","S3.Memory","Set.Memory","Peer.Presence","Peer.Number","Social.Support","PT1.Relation","PT1.Close","PT1.Support","PT2.Relation","PT2.Close","PT2.Support","PT3.Relation","PT3.Close","PT3.Support","PT4.Relation","PT4.Close","PT4.Support","PT5.Relation","PT5.Close","PT5.Support","Startle","HH.Before","HH.Compare","HH.Times","HH.Enjoy","Fear.Enjoy","Phobias","Phobias.Desc","Discuss","Discuss.Times","Search","Search.Times","Motive.Payment","Motive.Thrill","Motive.Novelty","Motive.Challenge","Motive.Peers","Motive.Science","Motive.Bored","Information","Sources"
"3","A-001","Pre-Exposure","No",N/A,2,2,0,N/A,N/A,N/A,N/A,N/A,N/A,N/A,N/A,N/A,"Yes","1",0,"partner",4,0,N/A,N/A,N/A,N/A,N/A,N/A,N/A,N/A,N/A,N/A,N/A,N/A,1,"Yes",1,"5",4,4,"No",N/A,"No",N/A,"No",N/A,"50","85","90","50","0","80","50","None at all",N/A
"4","A-002","Pre-Exposure","No",N/A,0,4,3,N/A,N/A,N/A,N/A,N/A,N/A,N/A,N/A,N/A,"No",N/A,N/A,N/A,N/A,N/A,N/A,N/A,N/A,N/A,N/A,N/A,N/A,N/A,N/A,N/A,N/A,N/A,3,"Yes",6,"5",2,1,"Yes","Of falling down or tripping","No",N/A,"No",N/A,"0","0","78","79","0","89","0","A moderate amount","Word of Mouth,Social Media Posts,Friends"
"5","A-003","Pre-Exposure","No",N/A,0,4,2,N/A,N/A,N/A,N/A,N/A,N/A,N/A,N/A,N/A,"Yes","1",2,"partner",4,2,N/A,N/A,N/A,N/A,N/A,N/A,N/A,N/A,N/A,N/A,N/A,N/A,4,"Yes",6,"1",4,1,"No",N/A,"No",N/A,"No",N/A,"70","82","58","13","39","81","67","None at all",N/A
"6","A-002","Immediate Post-Exposure","No",N/A,0,4,2,4,2,2,3,3,3,3,0,2,"No",N/A,N/A,N/A,N/A,N/A,N/A,N/A,N/A,N/A,N/A,N/A,N/A,N/A,N/A,N/A,N/A,N/A,3,"Yes",6,"5",N/A,1,"Yes","Of falling down or tripping","No",N/A,"No",N/A,"0","0","78","79","0","89","0",N/A,N/A
"7","A-001","Immediate Post-Exposure","No",N/A,2,2,1,1,0,1,2,1,2,2,2,2,"Yes","1",0,"partner",4,0,N/A,N/A,N/A,N/A,N/A,N/A,N/A,N/A,N/A,N/A,N/A,N/A,1,"Yes",1,"5",N/A,4,"No",N/A,"No",N/A,"No",N/A,"50","85","90","50","0","80","50",N/A,N/A
"8","A-003","Immediate Post-Exposure","No",N/A,2,1,0,2,1,1,0,2,0,3,0,0,"Yes","1",2,"partner",4,2,N/A,N/A,N/A,N/A,N/A,N/A,N/A,N/A,N/A,N/A,N/A,N/A,4,"Yes",6,"1",N/A,1,"No",N/A,"No",N/A,"No",N/A,"70","82","58","13","39","81","67",N/A,N/A
"9","A-009","Pre-Exposure","No",N/A,3,0,0,N/A,N/A,N/A,N/A,N/A,N/A,N/A,N/A,N/A,"No",N/A,N/A,N/A,N/A,N/A,N/A,N/A,N/A,N/A,N/A,N/A,N/A,N/A,N/A,N/A,N/A,N/A,2,"No",N/A,N/A,3,5,"No",N/A,"No",N/A,"No",N/A,"72","93","86","92","10","18","71","A little","Word of Mouth,News Reports / Articles,Friends"
"10","A-006","Pre-Exposure","No",N/A,1,2,1,N/A,N/A,N/A,N/A,N/A,N/A,N/A,N/A,N/A,"No",N/A,N/A,N/A,N/A,N/A,N/A,N/A,N/A,N/A,N/A,N/A,N/A,N/A,N/A,N/A,N/A,N/A,4,"Yes",0,"2",3,4,"No",N/A,"No",N/A,"No",N/A,"100","80","80","20","2","100","1","None at all",N/A
"11","A-013","Pre-Exposure","No",N/A,2,2,1,N/A,N/A,N/A,N/A,N/A,N/A,N/A,N/A,N/A,"Yes","1",3,"Friend",4,3,N/A,N/A,N/A,N/A,N/A,N/A,N/A,N/A,N/A,N/A,N/A,N/A,1,"Yes",4,"3",5,5,"No",N/A,"No",N/A,"No",N/A,"49","76","80","81","0","43","0","A little","Word of Mouth,Social Media Posts,Videos,Advertisements,Friends,Acquaintances"
"12","A-011","Pre-Exposure","No",N/A,3,1,1,N/A,N/A,N/A,N/A,N/A,N/A,N/A,N/A,N/A,"No",N/A,N/A,N/A,N/A,N/A,N/A,N/A,N/A,N/A,N/A,N/A,N/A,N/A,N/A,N/A,N/A,N/A,1,"Yes",1,"2",5,5,"No",N/A,"No",N/A,"No",N/A,"70","86","66","63","2","34","41","A little","Advertisements,Friends,Family"
"13","A-012","Pre-Exposure","No",N/A,2,2,1,N/A,N/A,N/A,N/A,N/A,N/A,N/A,N/A,N/A,"No",N/A,N/A,N/A,N/A,N/A,N/A,N/A,N/A,N/A,N/A,N/A,N/A,N/A,N/A,N/A,N/A,N/A,2,"No",N/A,N/A,3,2,"Yes","mistake i did not","No",N/A,"No",N/A,"100","35","58","17","2","34","10","None at all",N/A
"14","A-014","Pre-Exposure","No",N/A,4,2,4,N/A,N/A,N/A,N/A,N/A,N/A,N/A,N/A,N/A,"Yes","1",3,"Friend",4,4,N/A,N/A,N/A,N/A,N/A,N/A,N/A,N/A,N/A,N/A,N/A,N/A,4,"Yes",4,"1",2,1,"No",N/A,"No",N/A,"No",N/A,"56","49","78","77","8","69","3","A little","Word of Mouth,Social Media Posts,News Reports / Articles,Advertisements"
"15","A-006","Immediate Post-Exposure","No",N/A,1,2,1,2,0,2,2,0,2,1,1,1,"No",N/A,N/A,N/A,N/A,N/A,N/A,N/A,N/A,N/A,N/A,N/A,N/A,N/A,N/A,N/A,N/A,N/A,4,"Yes",0,"2",N/A,4,"No",N/A,"No",N/A,"No",N/A,"100","80","80","20","2","100","1",N/A,N/A
"16","A-016","Pre-Exposure","No",N/A,0,3,2,N/A,N/A,N/A,N/A,N/A,N/A,N/A,N/A,N/A,"Yes","1",2,"friend ",3,1,N/A,N/A,N/A,N/A,N/A,N/A,N/A,N/A,N/A,N/A,N/A,N/A,2,"Yes",4,"3",0,1,"No",N/A,"No",N/A,"No",N/A,"68","1","58","84","0","78","1","A little","Word of Mouth,Social Media Posts,Friends"
"17","A-020","Pre-Exposure","No",N/A,4,0,0,N/A,N/A,N/A,N/A,N/A,N/A,N/A,N/A,N/A,"Yes","4",2,"friend",4,4,"friend",4,4,"friend",4,4,"friend",4,4,N/A,N/A,N/A,2,"Yes",3,"3",6,6,"No",N/A,"No",N/A,"No",N/A,"100","100","100","100","100","100","1","None at all",N/A
"18","A-009","Immediate Post-Exposure","No",N/A,3,0,0,2,2,0,2,0,0,2,1,2,"No",N/A,N/A,N/A,N/A,N/A,N/A,N/A,N/A,N/A,N/A,N/A,N/A,N/A,N/A,N/A,N/A,N/A,2,"No",N/A,N/A,N/A,5,"No",N/A,"No",N/A,"No",N/A,"72","93","86","92","10","18","71",N/A,N/A
"19","A-019","Pre-Exposure","No",N/A,2,1,1,N/A,N/A,N/A,N/A,N/A,N/A,N/A,N/A,N/A,"No",N/A,N/A,N/A,N/A,N/A,N/A,N/A,N/A,N/A,N/A,N/A,N/A,N/A,N/A,N/A,N/A,N/A,3,"Yes",3,"3",5,4,"No",N/A,"No",N/A,"No",N/A,"89","66","65","58","32","66","13","None at all",N/A
"20","A-018","Pre-Exposure","No",N/A,2,2,2,N/A,N/A,N/A,N/A,N/A,N/A,N/A,N/A,N/A,"No",N/A,N/A,N/A,N/A,N/A,N/A,N/A,N/A,N/A,N/A,N/A,N/A,N/A,N/A,N/A,N/A,N/A,1,"Yes",5,"3",5,5,"Yes","zombies","Yes","0- i accidently said that I did","No",N/A,"100","100","100","100","74","74","99","None at all",N/A
"21","A-004","Pre-Exposure","No",N/A,2,0,4,N/A,N/A,N/A,N/A,N/A,N/A,N/A,N/A,N/A,"Yes","1",1,"Grew up with him.",3,1,N/A,N/A,N/A,N/A,N/A,N/A,N/A,N/A,N/A,N/A,N/A,N/A,3,"Yes",2,"3",5,6,"No",N/A,"No",N/A,"No",N/A,"0","100","66","100","0","100","0","None at all",N/A
"22","A-012","Immediate Post-Exposure","No",N/A,2,3,0,2,0,1,0,2,1,3,1,1,"No",N/A,N/A,N/A,N/A,N/A,N/A,N/A,N/A,N/A,N/A,N/A,N/A,N/A,N/A,N/A,N/A,N/A,2,"No",N/A,N/A,N/A,2,"Yes","mistake i did not","No",N/A,"No",N/A,"100","35","58","17","2","34","10",N/A,N/A
"23","A-014","Immediate Post-Exposure","No",N/A,3,4,3,2,1,1,2,0,0,3,3,2,"Yes","1",3,"Friend",4,4,N/A,N/A,N/A,N/A,N/A,N/A,N/A,N/A,N/A,N/A,N/A,N/A,4,"Yes",4,"1",N/A,1,"No",N/A,"No",N/A,"No",N/A,"56","49","78","77","8","69","3",N/A,N/A
"24","A-011","Immediate Post-Exposure","No",N/A,4,3,1,2,0,1,2,0,2,2,1,2,"No",N/A,N/A,N/A,N/A,N/A,N/A,N/A,N/A,N/A,N/A,N/A,N/A,N/A,N/A,N/A,N/A,N/A,1,"Yes",1,"2",N/A,5,"No",N/A,"No",N/A,"No",N/A,"70","86","66","63","2","34","41",N/A,N/A
"25","A-013","Immediate Post-Exposure","No",N/A,2,1,1,2,0,0,2,1,2,2,2,1,"Yes","1",3,"Friend",4,3,N/A,N/A,N/A,N/A,N/A,N/A,N/A,N/A,N/A,N/A,N/A,N/A,1,"Yes",4,"3",N/A,5,"No",N/A,"No",N/A,"No",N/A,"49","76","80","81","0","43","0",N/A,N/A
"26","A-019","Immediate Post-Exposure","No",N/A,2,1,2,2,0,2,2,1,3,1,0,2,"No",N/A,N/A,N/A,N/A,N/A,N/A,N/A,N/A,N/A,N/A,N/A,N/A,N/A,N/A,N/A,N/A,N/A,3,"Yes",3,"3",N/A,4,"No",N/A,"No",N/A,"No",N/A,"89","66","65","58","32","66","13",N/A,N/A
"27","A-020","Immediate Post-Exposure","No",N/A,3,0,0,0,1,0,3,2,2,2,2,2,"Yes","4",2,"friend",4,4,"friend",4,4,"friend",4,4,"friend",4,4,N/A,N/A,N/A,2,"Yes",3,"3",N/A,6,"No",N/A,"No",N/A,"No",N/A,"100","100","100","100","100","100","1",N/A,N/A
"28","A-016","Immediate Post-Exposure","No",N/A,0,3,2,3,0,0,1,1,0,4,2,2,"Yes","1",2,"friend ",3,1,N/A,N/A,N/A,N/A,N/A,N/A,N/A,N/A,N/A,N/A,N/A,N/A,2,"Yes",4,"3",N/A,1,"No",N/A,"No",N/A,"No",N/A,"68","1","58","84","0","78","1",N/A,N/A
"29","A-018","Immediate Post-Exposure","No",N/A,4,3,2,4,0,0,2,1,1,3,2,2,"No",N/A,N/A,N/A,N/A,N/A,N/A,N/A,N/A,N/A,N/A,N/A,N/A,N/A,N/A,N/A,N/A,N/A,1,"Yes",5,"3",N/A,5,"Yes","zombies","Yes","0- i accidently said that I did","No",N/A,"100","100","100","100","74","74","99",N/A,N/A
"30","A-004","Immediate Post-Exposure","No",N/A,2,1,0,1,0,0,1,1,2,1,1,2,"Yes","1",1,"Grew up with him.",3,1,N/A,N/A,N/A,N/A,N/A,N/A,N/A,N/A,N/A,N/A,N/A,N/A,3,"Yes",2,"3",N/A,6,"No",N/A,"No",N/A,"No",N/A,"0","100","66","100","0","100","0",N/A,N/A
"33","A-024","Pre-Exposure","No",N/A,2,2,1,N/A,N/A,N/A,N/A,N/A,N/A,N/A,N/A,N/A,"No",N/A,N/A,N/A,N/A,N/A,N/A,N/A,N/A,N/A,N/A,N/A,N/A,N/A,N/A,N/A,N/A,N/A,2,"Yes",2,"5",6,5,"Yes","the dead bodies","Yes","4","Yes","25","28","70","100","100","5","100","28","A little","Advertisements"
"34","A-021","Pre-Exposure","No",N/A,2,0,0,N/A,N/A,N/A,N/A,N/A,N/A,N/A,N/A,N/A,"No",N/A,N/A,N/A,N/A,N/A,N/A,N/A,N/A,N/A,N/A,N/A,N/A,N/A,N/A,N/A,N/A,N/A,0,"Yes",2,"10",5,5,"No",N/A,"Yes","3","No",N/A,"50","30","100","50","1","30","15","A moderate amount","Word of Mouth,News Reports / Articles,Friends"
"35","A-025","Pre-Exposure","No",N/A,1,3,0,N/A,N/A,N/A,N/A,N/A,N/A,N/A,N/A,N/A,"No",N/A,N/A,N/A,N/A,N/A,N/A,N/A,N/A,N/A,N/A,N/A,N/A,N/A,N/A,N/A,N/A,N/A,2,"No",N/A,N/A,2,1,"Yes","Slavery/Imprisonment ","Yes","3","No",N/A,"83","37","84","81","0","84","0","None at all",N/A
"36","A-022","Pre-Exposure","No",N/A,2,3,1,N/A,N/A,N/A,N/A,N/A,N/A,N/A,N/A,N/A,"No",N/A,N/A,N/A,N/A,N/A,N/A,N/A,N/A,N/A,N/A,N/A,N/A,N/A,N/A,N/A,N/A,N/A,2,"Yes",N/A,"10",5,5,"No",N/A,"Yes","1","Yes","25","26","71","49","24","4","11","12","A moderate amount","Word of Mouth,Friends,Family,Acquaintances"
"37","A-026","Pre-Exposure","No",N/A,1,3,2,N/A,N/A,N/A,N/A,N/A,N/A,N/A,N/A,N/A,"No",N/A,N/A,N/A,N/A,N/A,N/A,N/A,N/A,N/A,N/A,N/A,N/A,N/A,N/A,N/A,N/A,N/A,2,"Yes",0,"1",4,4,"No",N/A,"No",N/A,"No",N/A,"89","29","62","64","0","45","13","A little","Advertisements,Friends"
"38","A-028","Pre-Exposure","No",N/A,3,1,1,N/A,N/A,N/A,N/A,N/A,N/A,N/A,N/A,N/A,"Yes","1",2,"friend",2,2,N/A,N/A,N/A,N/A,N/A,N/A,N/A,N/A,N/A,N/A,N/A,N/A,2,"Yes",1,"1",5,2,"No",N/A,"No",N/A,"Yes","10","50","50","60","30","0","15","0","A little","Friends"
"39","A-027","Pre-Exposure","No",N/A,2,3,2,N/A,N/A,N/A,N/A,N/A,N/A,N/A,N/A,N/A,"Yes","1",2,"frien",1,1,N/A,N/A,N/A,N/A,N/A,N/A,N/A,N/A,N/A,N/A,N/A,N/A,1,"Yes",2,"2",5,3,"No",N/A,"No",N/A,"No",N/A,"77","100","99","100","6","86","5","A little","Word of Mouth,Social Media Posts,News Reports / Articles,Videos,Advertisements"
"40","A-030","Pre-Exposure","No",N/A,2,1,0,N/A,N/A,N/A,N/A,N/A,N/A,N/A,N/A,N/A,"No",N/A,N/A,N/A,N/A,N/A,N/A,N/A,N/A,N/A,N/A,N/A,N/A,N/A,N/A,N/A,N/A,N/A,2,"Yes",4,"6",4,4,"No",N/A,"Yes","1","No",N/A,"50","60","79","80","0","30","30","A little","Family"
"41","A-029","Pre-Exposure","No",N/A,2,3,1,N/A,N/A,N/A,N/A,N/A,N/A,N/A,N/A,N/A,"No",N/A,N/A,N/A,N/A,N/A,N/A,N/A,N/A,N/A,N/A,N/A,N/A,N/A,N/A,N/A,N/A,N/A,1,"Yes",1,"15",5,4,"No",N/A,"Yes","2","Yes","5","100","100","100","0","0","50","50","A moderate amount","Word of Mouth,Advertisements,Friends,Family"
"42","A-022","Immediate Post-Exposure","No",N/A,3,1,1,1,0,0,2,1,1,2,2,1,"No",N/A,N/A,N/A,N/A,N/A,N/A,N/A,N/A,N/A,N/A,N/A,N/A,N/A,N/A,N/A,N/A,N/A,2,"No",N/A,"10",N/A,5,"No",N/A,"Yes","1","Yes","25","26","71","49","24","4","11","12",N/A,N/A
"43","A-025","Immediate Post-Exposure","No",N/A,1,2,0,2,0,1,2,1,2,3,1,1,"No",N/A,N/A,N/A,N/A,N/A,N/A,N/A,N/A,N/A,N/A,N/A,N/A,N/A,N/A,N/A,N/A,N/A,2,"No",N/A,N/A,N/A,1,"Yes","Slavery/Imprisonment ","Yes","3","No",N/A,"83","37","84","81","0","84","0",N/A,N/A
"44","A-021","Immediate Post-Exposure","No",N/A,4,0,0,0,0,0,0,1,2,1,0,1,"No",N/A,N/A,N/A,N/A,N/A,N/A,N/A,N/A,N/A,N/A,N/A,N/A,N/A,N/A,N/A,N/A,N/A,0,"Yes",2,"10",N/A,5,"No",N/A,"Yes","3","No",N/A,"50","30","100","50","1","30","15",N/A,N/A
"45","A-024","Immediate Post-Exposure","No",N/A,2,2,1,3,0,1,2,0,2,2,1,2,"No",N/A,N/A,N/A,N/A,N/A,N/A,N/A,N/A,N/A,N/A,N/A,N/A,N/A,N/A,N/A,N/A,N/A,2,"Yes",2,"5",N/A,5,"Yes","the dead bodies","Yes","4","Yes","25","28","70","100","100","5","100","28",N/A,N/A
"46","A-032","Pre-Exposure","No",N/A,1,2,1,N/A,N/A,N/A,N/A,N/A,N/A,N/A,N/A,N/A,"Yes","1",3,"friend ",3,3,N/A,N/A,N/A,N/A,N/A,N/A,N/A,N/A,N/A,N/A,N/A,N/A,2,"No",N/A,N/A,3,0,"No",N/A,"No",N/A,"No",N/A,"100","0","80","65","0","5","24","A little","Word of Mouth,Friends"
"47","A-034","Pre-Exposure","No",N/A,3,1,1,N/A,N/A,N/A,N/A,N/A,N/A,N/A,N/A,N/A,"No",N/A,N/A,N/A,N/A,N/A,N/A,N/A,N/A,N/A,N/A,N/A,N/A,N/A,N/A,N/A,N/A,N/A,2,"Yes",1,"2",5,4,"Yes","Human bodies being reduced to mush","No",N/A,"No",N/A,"16","27","100","93","0","84","10","A little","Word of Mouth,Friends"
"48","A-033","Pre-Exposure","No",N/A,0,4,3,N/A,N/A,N/A,N/A,N/A,N/A,N/A,N/A,N/A,"Yes","1",3,"friend",3,4,N/A,N/A,N/A,N/A,N/A,N/A,N/A,N/A,N/A,N/A,N/A,N/A,2,"No",N/A,N/A,3,0,"No",N/A,"No",N/A,"No",N/A,"96","11","5","9","0","65","0","A little","Word of Mouth,Acquaintances"
"49","A-005","Pre-Exposure","No",N/A,1,3,2,N/A,N/A,N/A,N/A,N/A,N/A,N/A,N/A,N/A,"No",N/A,N/A,N/A,N/A,N/A,N/A,N/A,N/A,N/A,N/A,N/A,N/A,N/A,N/A,N/A,N/A,N/A,2,"Yes",2,"2",5,6,"Yes","Businessmen","No",N/A,"No",N/A,"100","100","100","100","0","100","50","A little","Word of Mouth,Social Media Posts,Videos,Advertisements,Friends"
"50","A-035","Pre-Exposure","No",N/A,2,2,2,N/A,N/A,N/A,N/A,N/A,N/A,N/A,N/A,N/A,"No",N/A,N/A,N/A,N/A,N/A,N/A,N/A,N/A,N/A,N/A,N/A,N/A,N/A,N/A,N/A,N/A,N/A,2,"Yes",3,"2",5,3,"No",N/A,"No",N/A,"No",N/A,"48","53","100","34","8","43","67","A little","News Reports / Articles"
"51","A-028","Immediate Post-Exposure","No",N/A,3,1,1,1,0,0,2,0,2,2,3,2,"Yes","1",2,"friend",2,2,N/A,N/A,N/A,N/A,N/A,N/A,N/A,N/A,N/A,N/A,N/A,N/A,2,"Yes",1,"1",N/A,2,"No",N/A,"No",N/A,"Yes","10","50","50","60","30","0","15","0",N/A,N/A
"52","A-027","Immediate Post-Exposure","No",N/A,2,1,1,1,0,1,4,1,0,1,1,2,"Yes","1",2,"frien",1,1,N/A,N/A,N/A,N/A,N/A,N/A,N/A,N/A,N/A,N/A,N/A,N/A,1,"Yes",2,"2",N/A,3,"No",N/A,"No",N/A,"No",N/A,"77","100","99","100","6","86","5",N/A,N/A
"53","A-026","Immediate Post-Exposure","No",N/A,2,1,2,1,0,0,0,1,1,3,3,1,"No",N/A,N/A,N/A,N/A,N/A,N/A,N/A,N/A,N/A,N/A,N/A,N/A,N/A,N/A,N/A,N/A,N/A,2,"Yes",0,"1",N/A,4,"No",N/A,"No",N/A,"No",N/A,"89","29","62","64","0","45","13",N/A,N/A
"54","A-029","Immediate Post-Exposure","No",N/A,2,4,1,1,0,0,3,1,0,1,2,2,"No",N/A,N/A,N/A,N/A,N/A,N/A,N/A,N/A,N/A,N/A,N/A,N/A,N/A,N/A,N/A,N/A,N/A,1,"Yes",1,"15",N/A,4,"No",N/A,"Yes","2","Yes","5","100","100","100","0","0","50","50",N/A,N/A
"55","A-030","Immediate Post-Exposure","No",N/A,2,1,0,1,1,0,1,0,0,1,1,2,"No",N/A,N/A,N/A,N/A,N/A,N/A,N/A,N/A,N/A,N/A,N/A,N/A,N/A,N/A,N/A,N/A,N/A,2,"Yes",4,"6",N/A,4,"No",N/A,"Yes","1","No",N/A,"50","60","79","80","0","30","30",N/A,N/A
"56","A-032","Immediate Post-Exposure","No",N/A,0,2,1,2,0,0,0,2,1,2,2,1,"Yes","1",3,"friend ",3,3,N/A,N/A,N/A,N/A,N/A,N/A,N/A,N/A,N/A,N/A,N/A,N/A,2,"No",N/A,N/A,N/A,0,"No",N/A,"No",N/A,"No",N/A,"100","0","80","65","0","5","24",N/A,N/A
"57","A-035","Immediate Post-Exposure","No",N/A,2,2,1,1,0,1,1,2,1,2,1,1,"No",N/A,N/A,N/A,N/A,N/A,N/A,N/A,N/A,N/A,N/A,N/A,N/A,N/A,N/A,N/A,N/A,N/A,2,"Yes",3,"2",N/A,3,"No",N/A,"No",N/A,"No",N/A,"48","53","100","34","8","43","67",N/A,N/A
"58","A-005","Immediate Post-Exposure","No",N/A,4,3,2,1,0,1,3,0,1,2,2,2,"No",N/A,N/A,N/A,N/A,N/A,N/A,N/A,N/A,N/A,N/A,N/A,N/A,N/A,N/A,N/A,N/A,N/A,2,"Yes",2,"2",N/A,6,"Yes","Businessmen","No",N/A,"No",N/A,"100","100","100","100","0","100","50",N/A,N/A
"59","A-033","Immediate Post-Exposure","No",N/A,0,4,3,4,1,2,2,3,2,4,3,2,"Yes","1",3,"friend",3,4,N/A,N/A,N/A,N/A,N/A,N/A,N/A,N/A,N/A,N/A,N/A,N/A,2,"No",N/A,N/A,N/A,0,"No",N/A,"No",N/A,"No",N/A,"96","11","5","9","0","65","0",N/A,N/A
"60","A-034","Immediate Post-Exposure","No",N/A,3,2,1,2,0,1,3,2,2,2,2,2,"No",N/A,N/A,N/A,N/A,N/A,N/A,N/A,N/A,N/A,N/A,N/A,N/A,N/A,N/A,N/A,N/A,N/A,2,"Yes",1,"2",N/A,4,"Yes","Human bodies being reduced to mush","No",N/A,"No",N/A,"16","27","100","93","0","84","10",N/A,N/A
"61","A-066","Pre-Exposure","No",N/A,2,1,2,N/A,N/A,N/A,N/A,N/A,N/A,N/A,N/A,N/A,"No",N/A,N/A,N/A,N/A,N/A,N/A,N/A,N/A,N/A,N/A,N/A,N/A,N/A,N/A,N/A,N/A,N/A,3,"Yes",2,"5",6,4,"Yes","Clowns, Spiders","No",N/A,"No",N/A,"78","74","93","67","51","62","67","None at all",N/A
"62","A-081","Pre-Exposure","No",N/A,1,2,1,N/A,N/A,N/A,N/A,N/A,N/A,N/A,N/A,N/A,"No",N/A,N/A,N/A,N/A,N/A,N/A,N/A,N/A,N/A,N/A,N/A,N/A,N/A,N/A,N/A,N/A,N/A,0,"No",N/A,N/A,3,2,"Yes","Clowns, Spiders","Yes","1","No",N/A,"50","1","50","49","20","47","100","A little","News Reports / Articles,Advertisements,Friends"
"63","A-040","Pre-Exposure","No",N/A,3,0,2,N/A,N/A,N/A,N/A,N/A,N/A,N/A,N/A,N/A,"Yes","1",2,"classmate",1,0,N/A,N/A,N/A,N/A,N/A,N/A,N/A,N/A,N/A,N/A,N/A,N/A,1,"Yes",0,"2",4,4,"Yes","dark","No",N/A,"No",N/A,"73","100","90","80","2","89","26","None at all",N/A
"64","A-083","Pre-Exposure","No",N/A,3,0,1,N/A,N/A,N/A,N/A,N/A,N/A,N/A,N/A,N/A,"Yes","2",1,"Reletive",3,0,"Cousin's Friend",0,0,N/A,N/A,N/A,N/A,N/A,N/A,N/A,N/A,N/A,0,"Yes",5,"3",5,4,"No",N/A,"Yes","1","No",N/A,"72","100","71","72","39","37","7","A moderate amount","Word of Mouth,Friends,Family"
"65","A-039","Pre-Exposure","No",N/A,3,1,1,N/A,N/A,N/A,N/A,N/A,N/A,N/A,N/A,N/A,"Yes","2",2,"cousin",2,2,"classmate ",1,1,N/A,N/A,N/A,N/A,N/A,N/A,N/A,N/A,N/A,2,"No",N/A,N/A,5,4,"No",N/A,"No",N/A,"No",N/A,"65","75","51","26","27","50","33","A moderate amount","Word of Mouth,Friends,Family"
"66","A-002","One Week Post-Exposure","No",N/A,0,4,3,4,2,4,2,4,1,4,0,1,"No",N/A,N/A,N/A,N/A,N/A,N/A,N/A,N/A,N/A,N/A,N/A,N/A,N/A,N/A,N/A,N/A,N/A,3,N/A,6,"5",0,1,"Yes","Of falling down or tripping","No",N/A,"No",N/A,"0","0","78","79","0","89","0","None at all",N/A
"67","A-082","Pre-Exposure","No",N/A,1,2,0,N/A,N/A,N/A,N/A,N/A,N/A,N/A,N/A,N/A,"No",N/A,N/A,N/A,N/A,N/A,N/A,N/A,N/A,N/A,N/A,N/A,N/A,N/A,N/A,N/A,N/A,N/A,1,"Yes",0,"5",5,5,"No",N/A,"Yes","Two times","No",N/A,"52","70","72","78","16","82","66","None at all",N/A
"68","A-044","Pre-Exposure","No",N/A,3,2,2,N/A,N/A,N/A,N/A,N/A,N/A,N/A,N/A,N/A,"No",N/A,N/A,N/A,N/A,N/A,N/A,N/A,N/A,N/A,N/A,N/A,N/A,N/A,N/A,N/A,N/A,N/A,1,"Yes",5,"3",5,5,"No",N/A,"No",N/A,"No",N/A,"13","70","85","64","30","69","0","None at all",N/A
"69","A-042","Pre-Exposure","No",N/A,4,3,2,N/A,N/A,N/A,N/A,N/A,N/A,N/A,N/A,N/A,"No",N/A,N/A,N/A,N/A,N/A,N/A,N/A,N/A,N/A,N/A,N/A,N/A,N/A,N/A,N/A,N/A,N/A,3,"Yes",N/A,"1",6,5,"Yes","scared of blood, dismembered limbs","No",N/A,"No",N/A,"49","100","76","22","10","100","37","None at all",N/A
"70","A-043","Pre-Exposure","No",N/A,2,1,0,N/A,N/A,N/A,N/A,N/A,N/A,N/A,N/A,N/A,"Yes","1",3,"boyfriend",4,4,N/A,N/A,N/A,N/A,N/A,N/A,N/A,N/A,N/A,N/A,N/A,N/A,1,"Yes",1,"7",6,5,"No",N/A,"No",N/A,"No",N/A,"0","95","86","42","0","98","0","None at all",N/A
"71","A-066","Immediate Post-Exposure","No",N/A,2,3,2,3,1,2,3,0,1,4,3,2,"No",N/A,N/A,N/A,N/A,N/A,N/A,N/A,N/A,N/A,N/A,N/A,N/A,N/A,N/A,N/A,N/A,N/A,3,"Yes",2,"5",N/A,4,"Yes","Clowns, Spiders","No",N/A,"No",N/A,"78","74","93","67","51","62","67",N/A,N/A
"72","A-081","Immediate Post-Exposure","No",N/A,1,2,1,3,1,1,1,1,1,2,2,1,"No",N/A,N/A,N/A,N/A,N/A,N/A,N/A,N/A,N/A,N/A,N/A,N/A,N/A,N/A,N/A,N/A,N/A,0,"No",N/A,N/A,N/A,2,"Yes","Clowns, Spiders","Yes","1","No",N/A,"50","1","50","49","20","47","100",N/A,N/A
"73","A-039","Immediate Post-Exposure","No",N/A,3,1,2,3,0,2,1,1,0,3,2,2,"Yes","2",2,"cousin",2,2,"classmate ",1,1,N/A,N/A,N/A,N/A,N/A,N/A,N/A,N/A,N/A,2,"No",N/A,N/A,N/A,4,"No",N/A,"No",N/A,"No",N/A,"65","75","51","26","27","50","33",N/A,N/A
"74","A-040","Immediate Post-Exposure","No",N/A,3,1,3,0,0,0,0,0,0,3,3,2,"Yes","1",2,"classmate",1,0,N/A,N/A,N/A,N/A,N/A,N/A,N/A,N/A,N/A,N/A,N/A,N/A,1,"Yes",0,"2",N/A,4,"Yes","dark","No",N/A,"No",N/A,"73","100","90","80","2","89","26",N/A,N/A
"75","A-083","Immediate Post-Exposure","No",N/A,2,3,1,3,0,2,2,1,2,3,2,2,"Yes","2",1,"Reletive",3,0,"Cousin's Friend",0,0,N/A,N/A,N/A,N/A,N/A,N/A,N/A,N/A,N/A,0,"Yes",5,"3",N/A,4,"No",N/A,"Yes","1","No",N/A,"72","100","71","72","39","37","7",N/A,N/A
"76","A-048","Pre-Exposure","No",N/A,1,3,1,N/A,N/A,N/A,N/A,N/A,N/A,N/A,N/A,N/A,"Yes","1",3,"roommate",2,2,N/A,N/A,N/A,N/A,N/A,N/A,N/A,N/A,N/A,N/A,N/A,N/A,1,"Yes",5,"2",4,2,"No",N/A,"No",N/A,"No",N/A,"50","26","86","87","0","54","0","A little","Word of Mouth,Social Media Posts,Friends"
"77","A-047","Pre-Exposure","No",N/A,2,2,1,N/A,N/A,N/A,N/A,N/A,N/A,N/A,N/A,N/A,"Yes","1",2,"Roommate",2,1,N/A,N/A,N/A,N/A,N/A,N/A,N/A,N/A,N/A,N/A,N/A,N/A,0,"Yes",1,"5",5,4,"Yes","Clowns","No",N/A,"No",N/A,"89","69","42","43","3","55","21","A little","Word of Mouth,News Reports / Articles,Friends"
"78","A-082","Immediate Post-Exposure","No",N/A,2,1,0,1,0,0,2,0,1,1,1,1,"No",N/A,N/A,N/A,N/A,N/A,N/A,N/A,N/A,N/A,N/A,N/A,N/A,N/A,N/A,N/A,N/A,N/A,1,"Yes",0,"5",N/A,5,"No",N/A,"Yes","Two times","No",N/A,"52","70","72","78","16","82","66",N/A,N/A
"79","A-043","Immediate Post-Exposure","No",N/A,4,1,0,1,0,0,2,0,0,2,3,2,"Yes","1",3,"boyfriend",4,4,N/A,N/A,N/A,N/A,N/A,N/A,N/A,N/A,N/A,N/A,N/A,N/A,1,"Yes",1,"7",N/A,5,"No",N/A,"No",N/A,"No",N/A,"0","95","86","42","0","98","0",N/A,N/A
"80","A-042","Immediate Post-Exposure","No",N/A,3,3,1,3,2,1,3,1,2,3,3,2,"No",N/A,N/A,N/A,N/A,N/A,N/A,N/A,N/A,N/A,N/A,N/A,N/A,N/A,N/A,N/A,N/A,N/A,3,"No",N/A,"1",N/A,5,"Yes","scared of blood, dismembered limbs","No",N/A,"No",N/A,"49","100","76","22","10","100","37",N/A,N/A
"81","A-044","Immediate Post-Exposure","No",N/A,4,2,2,2,1,0,2,1,1,2,2,1,"No",N/A,N/A,N/A,N/A,N/A,N/A,N/A,N/A,N/A,N/A,N/A,N/A,N/A,N/A,N/A,N/A,N/A,1,"Yes",5,"3",N/A,5,"No",N/A,"No",N/A,"No",N/A,"13","70","85","64","30","69","0",N/A,N/A
"82","A-048","Immediate Post-Exposure","No",N/A,0,3,1,3,0,1,3,1,0,3,1,1,"Yes","1",3,"roommate",2,2,N/A,N/A,N/A,N/A,N/A,N/A,N/A,N/A,N/A,N/A,N/A,N/A,1,"Yes",5,"2",N/A,2,"No",N/A,"No",N/A,"No",N/A,"50","26","86","87","0","54","0",N/A,N/A
"83","A-047","Immediate Post-Exposure","No",N/A,4,1,1,1,0,1,2,0,1,2,2,2,"Yes","1",2,"Roommate",2,1,N/A,N/A,N/A,N/A,N/A,N/A,N/A,N/A,N/A,N/A,N/A,N/A,0,"Yes",1,"5",N/A,4,"Yes","Clowns","No",N/A,"No",N/A,"89","69","42","43","3","55","21",N/A,N/A
"84","A-001","One Week Post-Exposure","No",N/A,2,1,1,1,1,1,1,1,1,1,1,1,"Yes","1",0,"partner",4,0,N/A,N/A,N/A,N/A,N/A,N/A,N/A,N/A,N/A,N/A,N/A,N/A,1,N/A,1,"5",5,4,"No",N/A,"No",N/A,"No",N/A,"50","85","90","50","0","80","50","None at all",N/A
"85","A-019","One Week Post-Exposure","No",N/A,3,1,1,2,0,2,3,0,1,0,1,2,"No",N/A,N/A,N/A,N/A,N/A,N/A,N/A,N/A,N/A,N/A,N/A,N/A,N/A,N/A,N/A,N/A,N/A,3,N/A,3,"3",4,4,"No",N/A,"No",N/A,"No",N/A,"89","66","65","58","32","66","13","None at all",N/A
"86","A-012","One Week Post-Exposure","No",N/A,1,3,0,2,0,1,1,2,1,3,1,1,"No",N/A,N/A,N/A,N/A,N/A,N/A,N/A,N/A,N/A,N/A,N/A,N/A,N/A,N/A,N/A,N/A,N/A,2,N/A,N/A,N/A,4,2,"Yes","mistake i did not","No",N/A,"No",N/A,"100","35","58","17","2","34","10","A little",N/A
"87","A-016","One Week Post-Exposure","No",N/A,1,3,3,2,1,0,1,1,0,3,2,1,"Yes","1",2,"friend ",3,1,N/A,N/A,N/A,N/A,N/A,N/A,N/A,N/A,N/A,N/A,N/A,N/A,2,N/A,4,"3",2,1,"No",N/A,"No",N/A,"No",N/A,"68","1","58","84","0","78","1","A little",N/A
"88","A-011","One Week Post-Exposure","No",N/A,4,3,1,2,0,2,1,1,1,2,2,2,"No",N/A,N/A,N/A,N/A,N/A,N/A,N/A,N/A,N/A,N/A,N/A,N/A,N/A,N/A,N/A,N/A,N/A,1,N/A,1,"2",6,5,"No",N/A,"No",N/A,"No",N/A,"70","86","66","63","2","34","41","A little",N/A
"89","A-006","One Week Post-Exposure","No",N/A,2,2,1,1,0,2,1,0,3,0,0,1,"No",N/A,N/A,N/A,N/A,N/A,N/A,N/A,N/A,N/A,N/A,N/A,N/A,N/A,N/A,N/A,N/A,N/A,4,N/A,0,"2",6,4,"No",N/A,"No",N/A,"No",N/A,"100","80","80","20","2","100","1","None at all",N/A
"90","A-018","One Week Post-Exposure","No",N/A,4,2,3,2,0,1,1,1,2,3,1,2,"No",N/A,N/A,N/A,N/A,N/A,N/A,N/A,N/A,N/A,N/A,N/A,N/A,N/A,N/A,N/A,N/A,N/A,1,N/A,5,"3",6,5,"Yes","zombies","Yes","0- i accidently said that I did","No",N/A,"100","100","100","100","74","74","99","None at all",N/A
"91","A-014","One Week Post-Exposure","No",N/A,4,1,1,2,1,1,1,0,0,2,3,2,"Yes","1",3,"Friend",4,4,N/A,N/A,N/A,N/A,N/A,N/A,N/A,N/A,N/A,N/A,N/A,N/A,4,N/A,4,"1",6,1,"No",N/A,"No",N/A,"No",N/A,"56","49","78","77","8","69","3","A little",N/A
"93","A-004","One Week Post-Exposure","No",N/A,2,0,0,1,0,0,1,2,1,2,1,1,"Yes","1",1,"Grew up with him.",3,1,N/A,N/A,N/A,N/A,N/A,N/A,N/A,N/A,N/A,N/A,N/A,N/A,3,N/A,2,"3",6,6,"No",N/A,"No",N/A,"No",N/A,"0","100","66","100","0","100","0","None at all",N/A
"94","A-009","One Week Post-Exposure","No",N/A,3,0,0,2,2,0,1,0,0,2,1,1,"No",N/A,N/A,N/A,N/A,N/A,N/A,N/A,N/A,N/A,N/A,N/A,N/A,N/A,N/A,N/A,N/A,N/A,2,N/A,N/A,N/A,6,5,"No",N/A,"No",N/A,"No",N/A,"72","93","86","92","10","18","71","A little",N/A
"95","A-013","One Week Post-Exposure","No",N/A,3,2,1,2,0,0,2,1,0,2,1,2,"Yes","1",3,"Friend",4,3,N/A,N/A,N/A,N/A,N/A,N/A,N/A,N/A,N/A,N/A,N/A,N/A,1,N/A,4,"3",5,5,"No",N/A,"No",N/A,"No",N/A,"49","76","80","81","0","43","0","None at all",N/A
"96","A-020","One Week Post-Exposure","No",N/A,3,1,1,0,0,1,0,0,0,0,0,0,"Yes","4",2,"friend",4,4,"friend",4,4,"friend",4,4,"friend",4,4,N/A,N/A,N/A,2,N/A,3,"3",0,6,"No",N/A,"No",N/A,"No",N/A,"100","100","100","100","100","100","1","None at all",N/A
"97","A-051","Pre-Exposure","No",N/A,4,2,0,N/A,N/A,N/A,N/A,N/A,N/A,N/A,N/A,N/A,"Yes","1",3,"Partner",4,4,N/A,N/A,N/A,N/A,N/A,N/A,N/A,N/A,N/A,N/A,N/A,N/A,2,"Yes",3,"2",6,4,"No",N/A,"No",N/A,"No",N/A,"30","85","100","20","0","85","0","None at all",N/A
"98","A-052","Pre-Exposure","No",N/A,4,4,1,N/A,N/A,N/A,N/A,N/A,N/A,N/A,N/A,N/A,"Yes","1",1,"Partner",4,1,N/A,N/A,N/A,N/A,N/A,N/A,N/A,N/A,N/A,N/A,N/A,N/A,1,"Yes",2,"10",6,5,"No",N/A,"No",N/A,"No",N/A,"30","90","75","60","0","60","25","None at all",N/A
"99","A-064","Pre-Exposure","No",N/A,1,3,2,N/A,N/A,N/A,N/A,N/A,N/A,N/A,N/A,N/A,"No",N/A,N/A,N/A,N/A,N/A,N/A,N/A,N/A,N/A,N/A,N/A,N/A,N/A,N/A,N/A,N/A,N/A,3,"Yes",N/A,"2",5,2,"No",N/A,"No",N/A,"No",N/A,"50","60","80","50","0","20","0","None at all",N/A
"100","A-057","Pre-Exposure","Yes","No",N/A,N/A,N/A,N/A,N/A,N/A,N/A,N/A,N/A,N/A,N/A,N/A,"Yes","1",3,"Roomate",3,3,N/A,N/A,N/A,N/A,N/A,N/A,N/A,N/A,N/A,N/A,N/A,N/A,N/A,N/A,4,N/A,N/A,N/A,"No",N/A,"No",N/A,"No",N/A,N/A,N/A,N/A,N/A,N/A,N/A,N/A,N/A,N/A
"101","A-056","Pre-Exposure","No",N/A,4,0,1,N/A,N/A,N/A,N/A,N/A,N/A,N/A,N/A,N/A,"Yes","1",3,"roommate",4,4,N/A,N/A,N/A,N/A,N/A,N/A,N/A,N/A,N/A,N/A,N/A,N/A,1,"Yes",1,"10",6,5,"Yes","trypiphobia","No",N/A,"No",N/A,"13","100","3","17","0","1","15","A little","Word of Mouth,Friends"
"102","A-058","Pre-Exposure","Yes","Yes",N/A,N/A,N/A,N/A,N/A,N/A,N/A,N/A,N/A,N/A,N/A,N/A,"No",N/A,N/A,N/A,N/A,N/A,N/A,N/A,N/A,N/A,N/A,N/A,N/A,N/A,N/A,N/A,N/A,N/A,N/A,N/A,N/A,N/A,N/A,N/A,"Yes","Torture, burning flesh, suddent invasion of personal space, strobe lights + mist","No",N/A,"No",N/A,N/A,N/A,N/A,N/A,N/A,N/A,N/A,N/A,N/A
"103","A-059","Pre-Exposure","No",N/A,2,3,1,N/A,N/A,N/A,N/A,N/A,N/A,N/A,N/A,N/A,"No",N/A,N/A,N/A,N/A,N/A,N/A,N/A,N/A,N/A,N/A,N/A,N/A,N/A,N/A,N/A,N/A,N/A,2,"Yes",2,"2",4,2,"No",N/A,"No",N/A,"No",N/A,"70","95","100","50","1","81","75","None at all",N/A
"104","A-052","Immediate Post-Exposure","No",N/A,4,3,1,2,0,0,1,1,2,2,3,2,"Yes","1",1,"Partner",4,1,N/A,N/A,N/A,N/A,N/A,N/A,N/A,N/A,N/A,N/A,N/A,N/A,1,"Yes",2,"10",N/A,5,"No",N/A,"No",N/A,"No",N/A,"30","90","75","60","0","60","25",N/A,N/A
"105","A-051","Immediate Post-Exposure","No",N/A,4,2,0,1,0,0,3,1,0,2,3,1,"Yes","1",3,"Partner",4,4,N/A,N/A,N/A,N/A,N/A,N/A,N/A,N/A,N/A,N/A,N/A,N/A,2,"Yes",3,"2",N/A,4,"No",N/A,"No",N/A,"No",N/A,"30","85","100","20","0","85","0",N/A,N/A
"106","A-008","Pre-Exposure","No",N/A,4,2,0,N/A,N/A,N/A,N/A,N/A,N/A,N/A,N/A,N/A,"Yes","1",3,"friend",3,4,N/A,N/A,N/A,N/A,N/A,N/A,N/A,N/A,N/A,N/A,N/A,N/A,1,"No",N/A,N/A,3,4,"No",N/A,"No",N/A,"No",N/A,"50","61","86","59","0","58","7","A moderate amount","Word of Mouth,Friends"
"107","A-061","Pre-Exposure","No",N/A,3,1,1,N/A,N/A,N/A,N/A,N/A,N/A,N/A,N/A,N/A,"No",N/A,N/A,N/A,N/A,N/A,N/A,N/A,N/A,N/A,N/A,N/A,N/A,N/A,N/A,N/A,N/A,N/A,2,"No",N/A,N/A,3,4,"No",N/A,"No",N/A,"No",N/A,"10","50","50","30","1","55","10","A little","Word of Mouth,Advertisements,Friends,Strangers"
"108","A-065","Pre-Exposure","No",N/A,2,0,0,N/A,N/A,N/A,N/A,N/A,N/A,N/A,N/A,N/A,"Yes","1",3,"friend",2,4,N/A,N/A,N/A,N/A,N/A,N/A,N/A,N/A,N/A,N/A,N/A,N/A,4,"Yes",6,"5",6,4,"No",N/A,"No",N/A,"No",N/A,"100","100","100","100","5","49","53","A little","Word of Mouth,Social Media Posts,Advertisements,Friends"
"109","A-062","Pre-Exposure","No",N/A,2,1,2,N/A,N/A,N/A,N/A,N/A,N/A,N/A,N/A,N/A,"Yes","2",2,"friend",3,2,"friend",2,0,N/A,N/A,N/A,N/A,N/A,N/A,N/A,N/A,N/A,2,"Yes",1,"1",5,4,"No",N/A,"No",N/A,"No",N/A,"51","93","79","91","2","35","5","A moderate amount","Advertisements,Friends"
"110","A-063","Pre-Exposure","No",N/A,2,0,1,N/A,N/A,N/A,N/A,N/A,N/A,N/A,N/A,N/A,"Yes","2",0,"friend",3,1,"Friend",3,0,N/A,N/A,N/A,N/A,N/A,N/A,N/A,N/A,N/A,3,"No",N/A,N/A,3,3,"No",N/A,"No",N/A,"No",N/A,"50","100","100","100","0","20","0","None at all",N/A
"111","A-064","Immediate Post-Exposure","No",N/A,3,3,3,3,1,3,2,2,1,2,0,1,"No",N/A,N/A,N/A,N/A,N/A,N/A,N/A,N/A,N/A,N/A,N/A,N/A,N/A,N/A,N/A,N/A,N/A,3,"No",N/A,"2",N/A,2,"No",N/A,"No",N/A,"No",N/A,"50","60","80","50","0","20","0",N/A,N/A
"112","A-056","Immediate Post-Exposure","No",N/A,4,1,0,1,0,0,1,0,1,1,2,1,"Yes","1",3,"roommate",4,4,N/A,N/A,N/A,N/A,N/A,N/A,N/A,N/A,N/A,N/A,N/A,N/A,1,"Yes",1,"10",N/A,5,"Yes","trypiphobia","No",N/A,"No",N/A,"13","100","3","17","0","1","15",N/A,N/A
"113","A-057","Immediate Post-Exposure","Yes",N/A,2,3,2,3,0,1,2,1,1,2,2,2,"Yes","1",3,"Roomate",3,3,N/A,N/A,N/A,N/A,N/A,N/A,N/A,N/A,N/A,N/A,N/A,N/A,N/A,"Yes",4,N/A,N/A,N/A,"No",N/A,"No",N/A,"No",N/A,N/A,N/A,N/A,N/A,N/A,N/A,N/A,N/A,N/A
"114","A-059","Immediate Post-Exposure","No",N/A,2,1,1,1,0,0,1,0,1,1,2,1,"No",N/A,N/A,N/A,N/A,N/A,N/A,N/A,N/A,N/A,N/A,N/A,N/A,N/A,N/A,N/A,N/A,N/A,2,"Yes",2,"2",N/A,2,"No",N/A,"No",N/A,"No",N/A,"70","95","100","50","1","81","75",N/A,N/A
"115","A-058","Immediate Post-Exposure","Yes",N/A,1,2,1,2,0,0,2,1,1,2,2,3,"No",N/A,N/A,N/A,N/A,N/A,N/A,N/A,N/A,N/A,N/A,N/A,N/A,N/A,N/A,N/A,N/A,N/A,N/A,"No",N/A,N/A,N/A,N/A,"Yes","Torture, burning flesh, suddent invasion of personal space, strobe lights + mist","No",N/A,"No",N/A,N/A,N/A,N/A,N/A,N/A,N/A,N/A,N/A,N/A
"117","A-008","Immediate Post-Exposure","No",N/A,2,2,1,2,0,2,3,3,2,2,1,1,"Yes","1",3,"friend",3,4,N/A,N/A,N/A,N/A,N/A,N/A,N/A,N/A,N/A,N/A,N/A,N/A,1,"No",N/A,N/A,N/A,4,"No",N/A,"No",N/A,"No",N/A,"50","61","86","59","0","58","7",N/A,N/A
"118","A-063","Immediate Post-Exposure","No",N/A,1,1,1,0,0,0,2,0,1,0,1,0,"Yes","2",0,"friend",3,1,"Friend",3,0,N/A,N/A,N/A,N/A,N/A,N/A,N/A,N/A,N/A,3,"No",N/A,N/A,N/A,3,"No",N/A,"No",N/A,"No",N/A,"50","100","100","100","0","20","0",N/A,N/A
"119","A-062","Immediate Post-Exposure","No",N/A,1,2,2,1,0,0,2,1,1,2,1,2,"Yes","2",2,"friend",3,2,"friend",2,0,N/A,N/A,N/A,N/A,N/A,N/A,N/A,N/A,N/A,2,"Yes",1,"1",N/A,4,"No",N/A,"No",N/A,"No",N/A,"51","93","79","91","2","35","5",N/A,N/A
"120","A-065","Immediate Post-Exposure","No",N/A,4,2,0,2,0,0,2,1,1,2,0,1,"Yes","1",3,"friend",2,4,N/A,N/A,N/A,N/A,N/A,N/A,N/A,N/A,N/A,N/A,N/A,N/A,4,"Yes",6,"5",N/A,4,"No",N/A,"No",N/A,"No",N/A,"100","100","100","100","5","49","53",N/A,N/A
"121","A-003","One Week Post-Exposure","No",N/A,1,2,0,2,0,1,0,1,0,1,0,0,"Yes","1",2,"partner",4,2,N/A,N/A,N/A,N/A,N/A,N/A,N/A,N/A,N/A,N/A,N/A,N/A,4,N/A,6,"1",4,1,"No",N/A,"No",N/A,"No",N/A,"70","82","58","13","39","81","67","None at all",N/A
"122","A-061","Immediate Post-Exposure","No",N/A,0,1,2,2,1,1,4,4,0,0,0,4,"No",N/A,N/A,N/A,N/A,N/A,N/A,N/A,N/A,N/A,N/A,N/A,N/A,N/A,N/A,N/A,N/A,N/A,2,"No",N/A,N/A,N/A,4,"No",N/A,"No",N/A,"No",N/A,"10","50","50","30","1","55","10",N/A,N/A
"123","A-025","One Week Post-Exposure","No",N/A,1,3,0,2,1,2,1,2,0,3,2,1,"No",N/A,N/A,N/A,N/A,N/A,N/A,N/A,N/A,N/A,N/A,N/A,N/A,N/A,N/A,N/A,N/A,N/A,2,N/A,N/A,N/A,1,1,"Yes","Slavery/Imprisonment ","Yes","3","No",N/A,"83","37","84","81","0","84","0","None at all",N/A
"124","A-035","One Week Post-Exposure","No",N/A,2,1,1,1,0,0,0,1,0,1,0,1,"No",N/A,N/A,N/A,N/A,N/A,N/A,N/A,N/A,N/A,N/A,N/A,N/A,N/A,N/A,N/A,N/A,N/A,2,N/A,3,"2",3,3,"No",N/A,"No",N/A,"No",N/A,"48","53","100","34","8","43","67","A little",N/A
"125","A-027","One Week Post-Exposure","No",N/A,1,1,1,2,0,1,1,1,1,2,1,1,"Yes","1",2,"frien",1,1,N/A,N/A,N/A,N/A,N/A,N/A,N/A,N/A,N/A,N/A,N/A,N/A,1,N/A,2,"2",5,3,"No",N/A,"No",N/A,"No",N/A,"77","100","99","100","6","86","5","A little",N/A
"126","A-024","One Week Post-Exposure","No",N/A,2,2,1,3,1,2,2,0,3,2,1,1,"No",N/A,N/A,N/A,N/A,N/A,N/A,N/A,N/A,N/A,N/A,N/A,N/A,N/A,N/A,N/A,N/A,N/A,2,N/A,2,"5",6,5,"Yes","the dead bodies","Yes","4","Yes","25","28","70","100","100","5","100","28","None at all",N/A
"127","A-028","One Week Post-Exposure","No",N/A,3,1,1,2,0,1,2,1,0,2,2,1,"Yes","1",2,"friend",2,2,N/A,N/A,N/A,N/A,N/A,N/A,N/A,N/A,N/A,N/A,N/A,N/A,2,N/A,1,"1",5,2,"No",N/A,"No",N/A,"Yes","10","50","50","60","30","0","15","0","A little",N/A
"128","A-026","One Week Post-Exposure","No",N/A,1,3,3,1,0,0,0,1,0,2,1,0,"No",N/A,N/A,N/A,N/A,N/A,N/A,N/A,N/A,N/A,N/A,N/A,N/A,N/A,N/A,N/A,N/A,N/A,2,N/A,0,"1",2,4,"No",N/A,"No",N/A,"No",N/A,"89","29","62","64","0","45","13","A little",N/A
"129","A-005","One Week Post-Exposure","No",N/A,4,1,2,1,0,1,2,0,0,2,0,1,"No",N/A,N/A,N/A,N/A,N/A,N/A,N/A,N/A,N/A,N/A,N/A,N/A,N/A,N/A,N/A,N/A,N/A,2,N/A,2,"2",6,6,"Yes","Businessmen","No",N/A,"No",N/A,"100","100","100","100","0","100","50","A lot",N/A
"130","A-032","One Week Post-Exposure","No",N/A,1,0,1,1,0,0,0,0,0,1,0,0,"Yes","1",3,"friend ",3,3,N/A,N/A,N/A,N/A,N/A,N/A,N/A,N/A,N/A,N/A,N/A,N/A,2,N/A,N/A,N/A,2,0,"No",N/A,"No",N/A,"No",N/A,"100","0","80","65","0","5","24","A little",N/A
"131","A-022","One Week Post-Exposure","No",N/A,3,3,1,2,0,1,3,2,2,3,0,3,"No",N/A,N/A,N/A,N/A,N/A,N/A,N/A,N/A,N/A,N/A,N/A,N/A,N/A,N/A,N/A,N/A,N/A,2,N/A,N/A,"10",6,5,"No",N/A,"Yes","1","Yes","25","26","71","49","24","4","11","12","A moderate amount",N/A
"132","A-034","One Week Post-Exposure","No",N/A,3,1,2,1,0,1,2,2,1,2,2,2,"No",N/A,N/A,N/A,N/A,N/A,N/A,N/A,N/A,N/A,N/A,N/A,N/A,N/A,N/A,N/A,N/A,N/A,2,N/A,1,"2",6,4,"Yes","Human bodies being reduced to mush","No",N/A,"No",N/A,"16","27","100","93","0","84","10","A little",N/A
"133","A-030","One Week Post-Exposure","No",N/A,2,1,0,1,0,1,1,0,1,1,0,1,"No",N/A,N/A,N/A,N/A,N/A,N/A,N/A,N/A,N/A,N/A,N/A,N/A,N/A,N/A,N/A,N/A,N/A,2,N/A,4,"6",4,4,"No",N/A,"Yes","1","No",N/A,"50","60","79","80","0","30","30","A little",N/A
"134","A-021","One Week Post-Exposure","No",N/A,4,0,0,0,0,0,1,0,0,0,2,0,"No",N/A,N/A,N/A,N/A,N/A,N/A,N/A,N/A,N/A,N/A,N/A,N/A,N/A,N/A,N/A,N/A,N/A,0,N/A,2,"10",5,5,"No",N/A,"Yes","3","No",N/A,"50","30","100","50","1","30","15","A little",N/A
"135","A-070","Pre-Exposure","No",N/A,3,1,2,N/A,N/A,N/A,N/A,N/A,N/A,N/A,N/A,N/A,"No",N/A,N/A,N/A,N/A,N/A,N/A,N/A,N/A,N/A,N/A,N/A,N/A,N/A,N/A,N/A,N/A,N/A,2,"Yes",3,"5",6,5,"No",N/A,"No",N/A,"No",N/A,"74","100","28","27","0","42","51","A little","Word of Mouth,Advertisements,Friends"
"136","A-068","Pre-Exposure","No",N/A,3,1,0,N/A,N/A,N/A,N/A,N/A,N/A,N/A,N/A,N/A,"No",N/A,N/A,N/A,N/A,N/A,N/A,N/A,N/A,N/A,N/A,N/A,N/A,N/A,N/A,N/A,N/A,N/A,1,"No",N/A,N/A,3,6,"No",N/A,"No",N/A,"No",N/A,"73","64","99","43","0","28","0","A moderate amount","Word of Mouth,Social Media Posts,News Reports / Articles,Advertisements,Friends,Family,Acquaintances,Strangers"
"137","A-067","Pre-Exposure","No",N/A,1,3,1,N/A,N/A,N/A,N/A,N/A,N/A,N/A,N/A,N/A,"No",N/A,N/A,N/A,N/A,N/A,N/A,N/A,N/A,N/A,N/A,N/A,N/A,N/A,N/A,N/A,N/A,N/A,3,"Yes",3,"2",4,1,"Yes","spiders","Yes","1","No",N/A,"100","90","100","57","0","52","49","None at all",N/A
"138","A-071","Pre-Exposure","Yes","Yes",N/A,N/A,N/A,N/A,N/A,N/A,N/A,N/A,N/A,N/A,N/A,N/A,"No",N/A,N/A,N/A,N/A,N/A,N/A,N/A,N/A,N/A,N/A,N/A,N/A,N/A,N/A,N/A,N/A,N/A,N/A,N/A,0,N/A,N/A,N/A,"No",N/A,"No",N/A,"No",N/A,N/A,N/A,N/A,N/A,N/A,N/A,N/A,N/A,N/A
"139","A-072","Pre-Exposure","No",N/A,2,3,1,N/A,N/A,N/A,N/A,N/A,N/A,N/A,N/A,N/A,"No",N/A,N/A,N/A,N/A,N/A,N/A,N/A,N/A,N/A,N/A,N/A,N/A,N/A,N/A,N/A,N/A,N/A,1,"No",N/A,N/A,3,4,"No",N/A,"No",N/A,"No",N/A,"50","89","100","100","93","91","100","None at all",N/A
"140","A-070","Immediate Post-Exposure","No",N/A,3,1,3,2,1,1,1,1,1,3,2,2,"No",N/A,N/A,N/A,N/A,N/A,N/A,N/A,N/A,N/A,N/A,N/A,N/A,N/A,N/A,N/A,N/A,N/A,2,"Yes",3,"5",N/A,5,"No",N/A,"No",N/A,"No",N/A,"74","100","28","27","0","42","51",N/A,N/A
"141","A-068","Immediate Post-Exposure","No",N/A,2,1,0,1,0,0,3,1,0,3,2,2,"No",N/A,N/A,N/A,N/A,N/A,N/A,N/A,N/A,N/A,N/A,N/A,N/A,N/A,N/A,N/A,N/A,N/A,1,"No",N/A,N/A,N/A,6,"No",N/A,"No",N/A,"No",N/A,"73","64","99","43","0","28","0",N/A,N/A
"142","A-078","Pre-Exposure","No",N/A,2,2,1,N/A,N/A,N/A,N/A,N/A,N/A,N/A,N/A,N/A,"Yes","1",3,"friend-ish?",4,3,N/A,N/A,N/A,N/A,N/A,N/A,N/A,N/A,N/A,N/A,N/A,N/A,1,"No",N/A,N/A,3,3,"No",N/A,N/A,N/A,N/A,N/A,"14","78","100","93","2","88","68","A little","Word of Mouth"
"143","A-080","Pre-Exposure","No",N/A,1,2,1,N/A,N/A,N/A,N/A,N/A,N/A,N/A,N/A,N/A,"Yes","1",3,"Roommate",3,4,N/A,N/A,N/A,N/A,N/A,N/A,N/A,N/A,N/A,N/A,N/A,N/A,3,"Yes",4,"10",5,1,"Yes","social anxiety","No",N/A,"No",N/A,"64","70","84","80","13","60","44","A little","Word of Mouth,Friends"
"144","A-076","Pre-Exposure","No",N/A,3,1,1,N/A,N/A,N/A,N/A,N/A,N/A,N/A,N/A,N/A,"Yes","1",2,"Roommate",4,2,N/A,N/A,N/A,N/A,N/A,N/A,N/A,N/A,N/A,N/A,N/A,N/A,0,"Yes",3,"8",5,5,"Yes","I think I meant to press no. I have no phobias. ","No",N/A,"No",N/A,"51","88","100","1","1","100","81","A little","Friends"
"145","A-079","Pre-Exposure","No",N/A,2,0,0,N/A,N/A,N/A,N/A,N/A,N/A,N/A,N/A,N/A,"Yes","1",3,N/A,N/A,N/A,N/A,N/A,N/A,N/A,N/A,N/A,N/A,N/A,N/A,N/A,N/A,N/A,0,"No",N/A,N/A,6,6,"No",N/A,N/A,N/A,N/A,N/A,"61","99","87","100","35","86","79","None at all",N/A
"146","A-071","Immediate Post-Exposure","Yes",N/A,2,1,1,1,0,0,2,0,0,2,1,2,"No",N/A,N/A,N/A,N/A,N/A,N/A,N/A,N/A,N/A,N/A,N/A,N/A,N/A,N/A,N/A,N/A,N/A,N/A,"Yes",0,N/A,N/A,N/A,"No",N/A,"No",N/A,"No",N/A,N/A,N/A,N/A,N/A,N/A,N/A,N/A,N/A,N/A
"147","A-072","Immediate Post-Exposure","No",N/A,2,1,0,1,0,0,3,0,0,1,1,1,"No",N/A,N/A,N/A,N/A,N/A,N/A,N/A,N/A,N/A,N/A,N/A,N/A,N/A,N/A,N/A,N/A,N/A,1,"No",N/A,N/A,N/A,4,"No",N/A,"No",N/A,"No",N/A,"50","89","100","100","93","91","100",N/A,N/A
"148","A-067","Immediate Post-Exposure","No",N/A,2,3,1,2,0,0,2,0,1,2,0,2,"No",N/A,N/A,N/A,N/A,N/A,N/A,N/A,N/A,N/A,N/A,N/A,N/A,N/A,N/A,N/A,N/A,N/A,3,"Yes",3,"2",N/A,1,"Yes","spiders","Yes","1","No",N/A,"100","90","100","57","0","52","49",N/A,N/A
"149","A-076","Immediate Post-Exposure","No",N/A,3,2,1,1,0,0,4,0,0,1,0,2,"Yes","1",2,"Roommate",4,2,N/A,N/A,N/A,N/A,N/A,N/A,N/A,N/A,N/A,N/A,N/A,N/A,0,"Yes",3,"8",N/A,5,"Yes","I think I meant to press no. I have no phobias. ","No",N/A,"No",N/A,"51","88","100","1","1","100","81",N/A,N/A
"150","A-079","Immediate Post-Exposure","No",N/A,2,1,0,1,0,0,0,0,0,1,0,0,"Yes","1",3,N/A,N/A,N/A,N/A,N/A,N/A,N/A,N/A,N/A,N/A,N/A,N/A,N/A,N/A,N/A,0,"No",N/A,N/A,N/A,6,"No",N/A,N/A,N/A,N/A,N/A,"61","99","87","100","35","86","79",N/A,N/A
"151","A-078","Immediate Post-Exposure","No",N/A,2,0,3,0,0,0,0,0,0,0,0,0,"Yes","1",3,"friend-ish?",4,3,N/A,N/A,N/A,N/A,N/A,N/A,N/A,N/A,N/A,N/A,N/A,N/A,1,"No",N/A,N/A,N/A,3,"No",N/A,N/A,N/A,N/A,N/A,"14","78","100","93","2","88","68",N/A,N/A
"152","A-080","Immediate Post-Exposure","No",N/A,2,2,1,2,0,1,1,0,0,2,1,2,"Yes","1",3,"Roommate",3,4,N/A,N/A,N/A,N/A,N/A,N/A,N/A,N/A,N/A,N/A,N/A,N/A,3,"Yes",4,"10",N/A,1,"Yes","social anxiety","No",N/A,"No",N/A,"64","70","84","80","13","60","44",N/A,N/A
"153","A-033","One Week Post-Exposure","No",N/A,0,3,3,3,0,2,2,3,0,3,1,1,"Yes","1",3,"friend",3,4,N/A,N/A,N/A,N/A,N/A,N/A,N/A,N/A,N/A,N/A,N/A,N/A,2,N/A,N/A,N/A,3,0,"No",N/A,"No",N/A,"No",N/A,"96","11","5","9","0","65","0","A little",N/A
"154","A-082","One Week Post-Exposure","No",N/A,1,1,0,0,0,0,2,0,0,0,1,0,"No",N/A,N/A,N/A,N/A,N/A,N/A,N/A,N/A,N/A,N/A,N/A,N/A,N/A,N/A,N/A,N/A,N/A,1,N/A,0,"5",4,5,"No",N/A,"Yes","Two times","No",N/A,"52","70","72","78","16","82","66","None at all",N/A
"155","A-039","One Week Post-Exposure","No",N/A,3,1,2,3,0,2,1,0,0,3,2,1,"Yes","2",2,"cousin",2,2,"classmate ",1,1,N/A,N/A,N/A,N/A,N/A,N/A,N/A,N/A,N/A,2,N/A,N/A,N/A,6,4,"No",N/A,"No",N/A,"No",N/A,"65","75","51","26","27","50","33","A moderate amount",N/A
"156","A-066","One Week Post-Exposure","No",N/A,3,3,2,3,1,1,2,0,1,4,2,2,"No",N/A,N/A,N/A,N/A,N/A,N/A,N/A,N/A,N/A,N/A,N/A,N/A,N/A,N/A,N/A,N/A,N/A,3,N/A,2,"5",5,4,"Yes","Clowns, Spiders","No",N/A,"No",N/A,"78","74","93","67","51","62","67","None at all",N/A
"157","A-047","One Week Post-Exposure","No",N/A,3,1,1,1,0,1,1,0,1,2,2,1,"Yes","1",2,"Roommate",2,1,N/A,N/A,N/A,N/A,N/A,N/A,N/A,N/A,N/A,N/A,N/A,N/A,0,N/A,1,"5",5,4,"Yes","Clowns","No",N/A,"No",N/A,"89","69","42","43","3","55","21","A little",N/A
"158","A-048","One Week Post-Exposure","No",N/A,1,3,1,3,0,1,1,1,0,2,1,0,"Yes","1",3,"roommate",2,2,N/A,N/A,N/A,N/A,N/A,N/A,N/A,N/A,N/A,N/A,N/A,N/A,1,N/A,5,"2",4,2,"No",N/A,"No",N/A,"No",N/A,"50","26","86","87","0","54","0","None at all",N/A
"159","A-029","One Week Post-Exposure","No",N/A,2,3,1,1,0,0,2,0,1,2,2,1,"No",N/A,N/A,N/A,N/A,N/A,N/A,N/A,N/A,N/A,N/A,N/A,N/A,N/A,N/A,N/A,N/A,N/A,1,N/A,1,"15",4,4,"No",N/A,"Yes","2","Yes","5","100","100","100","0","0","50","50","A little",N/A
"160","A-044","One Week Post-Exposure","No",N/A,3,3,3,2,1,0,1,1,1,3,1,2,"No",N/A,N/A,N/A,N/A,N/A,N/A,N/A,N/A,N/A,N/A,N/A,N/A,N/A,N/A,N/A,N/A,N/A,1,N/A,5,"3",6,5,"No",N/A,"No",N/A,"No",N/A,"13","70","85","64","30","69","0","None at all",N/A
"161","A-038","Pre-Exposure","No",N/A,1,2,1,N/A,N/A,N/A,N/A,N/A,N/A,N/A,N/A,N/A,"Yes","1",0,"roommate",3,0,N/A,N/A,N/A,N/A,N/A,N/A,N/A,N/A,N/A,N/A,N/A,N/A,3,"Yes",1,"4",4,2,"Yes","sensitivity to loud noises, fear of confined spaces","No",N/A,"No",N/A,"15","50","75","65","0","65","0","A little","Word of Mouth,Friends"
"162","A-037","Pre-Exposure","No",N/A,1,2,1,N/A,N/A,N/A,N/A,N/A,N/A,N/A,N/A,N/A,"Yes","1",2,"Friend/Roommate",3,2,N/A,N/A,N/A,N/A,N/A,N/A,N/A,N/A,N/A,N/A,N/A,N/A,3,"No",N/A,N/A,1,1,"Yes","This is an odd one, but the first segment invloved 3D glasses. I have a thing with 3D things, like planetariums and the waiting line for Dinsey's Space Mountain.","No",N/A,"No",N/A,"2","28","76","70","78","91","37","None at all",N/A
"163","A-036","Pre-Exposure","No",N/A,2,0,0,N/A,N/A,N/A,N/A,N/A,N/A,N/A,N/A,N/A,"No",N/A,N/A,N/A,N/A,N/A,N/A,N/A,N/A,N/A,N/A,N/A,N/A,N/A,N/A,N/A,N/A,N/A,1,"Yes",1,"2",5,5,"No",N/A,"No",N/A,"No",N/A,"100","24","49","51","50","72","46","A little","Word of Mouth"
"164","A-086","Pre-Exposure","No",N/A,1,0,0,N/A,N/A,N/A,N/A,N/A,N/A,N/A,N/A,N/A,"No",N/A,N/A,N/A,N/A,N/A,N/A,N/A,N/A,N/A,N/A,N/A,N/A,N/A,N/A,N/A,N/A,N/A,2,"Yes",1,"5",6,6,"No",N/A,"No",N/A,"No",N/A,"29","100","100","30","6","77","1","None at all",N/A
"165","A-087","Pre-Exposure","No",N/A,2,2,1,N/A,N/A,N/A,N/A,N/A,N/A,N/A,N/A,N/A,"No",N/A,N/A,N/A,N/A,N/A,N/A,N/A,N/A,N/A,N/A,N/A,N/A,N/A,N/A,N/A,N/A,N/A,1,"Yes",5,"4",5,5,"No",N/A,"No",N/A,"No",N/A,"100","75","50","26","0","27","0","None at all",N/A
"166","A-088","Pre-Exposure","No",N/A,3,1,1,N/A,N/A,N/A,N/A,N/A,N/A,N/A,N/A,N/A,"No",N/A,N/A,N/A,N/A,N/A,N/A,N/A,N/A,N/A,N/A,N/A,N/A,N/A,N/A,N/A,N/A,N/A,1,"Yes",3,"2",6,5,"No",N/A,"No",N/A,"No",N/A,"43","82","84","36","0","40","14","A little","Word of Mouth,Social Media Posts,Advertisements,Friends"
"167","A-036","Immediate Post-Exposure","No",N/A,2,0,0,0,0,0,3,1,1,2,0,1,"No",N/A,N/A,N/A,N/A,N/A,N/A,N/A,N/A,N/A,N/A,N/A,N/A,N/A,N/A,N/A,N/A,N/A,1,"Yes",1,"2",N/A,5,"No",N/A,"No",N/A,"No",N/A,"100","24","49","51","50","72","46",N/A,N/A
"168","A-038","Immediate Post-Exposure","No",N/A,0,2,1,2,1,1,1,0,2,2,2,1,"Yes","1",0,"roommate",3,0,N/A,N/A,N/A,N/A,N/A,N/A,N/A,N/A,N/A,N/A,N/A,N/A,3,"Yes",1,"4",N/A,2,"Yes","sensitivity to loud noises, fear of confined spaces","No",N/A,"No",N/A,"15","50","75","65","0","65","0",N/A,N/A
"169","A-037","Immediate Post-Exposure","No",N/A,2,2,1,3,2,2,3,1,2,3,1,2,"Yes","1",2,"Friend/Roommate",3,2,N/A,N/A,N/A,N/A,N/A,N/A,N/A,N/A,N/A,N/A,N/A,N/A,3,"No",N/A,N/A,N/A,1,"Yes","This is an odd one, but the first segment invloved 3D glasses. I have a thing with 3D things, like planetariums and the waiting line for Dinsey's Space Mountain.","No",N/A,"No",N/A,"2","28","76","70","78","91","37",N/A,N/A
"170","A-043","One Week Post-Exposure","No",N/A,3,1,0,1,0,0,2,0,0,1,1,1,"Yes","1",3,"boyfriend",4,4,N/A,N/A,N/A,N/A,N/A,N/A,N/A,N/A,N/A,N/A,N/A,N/A,1,N/A,1,"7",6,5,"No",N/A,"No",N/A,"No",N/A,"0","95","86","42","0","98","0","None at all",N/A
"171","A-092","Pre-Exposure","No",N/A,3,3,1,N/A,N/A,N/A,N/A,N/A,N/A,N/A,N/A,N/A,"Yes","3",3,"Teammate",2,2,"Teammate",3,3,"Teammate",2,2,N/A,N/A,N/A,N/A,N/A,N/A,2,"Yes",2,"7",5,4,"No",N/A,"No",N/A,"No",N/A,"37","92","75","63","20","82","46","A little","Word of Mouth,Social Media Posts,Advertisements,Friends,Acquaintances"
"172","A-094","Pre-Exposure","No",N/A,4,3,3,N/A,N/A,N/A,N/A,N/A,N/A,N/A,N/A,N/A,"Yes","4",3,"roomate",3,3,"roomate",3,2,"friend",2,3,"friend",1,1,N/A,N/A,N/A,2,"Yes",0,"2",0,0,"No",N/A,"No",N/A,"No",N/A,"47","18","41","39","59","47","38","None at all",N/A
"173","A-091","Pre-Exposure","No",N/A,2,2,1,N/A,N/A,N/A,N/A,N/A,N/A,N/A,N/A,N/A,"Yes","3",3,"Sister",4,1,"Friend",3,1,"Friend",3,2,N/A,N/A,N/A,N/A,N/A,N/A,4,"Yes",5,"4",5,5,"Yes","Fear of the dark","No",N/A,"No",N/A,"70","95","50","75","0","85","25","A little","Word of Mouth,Advertisements,Friends"
"174","A-042","One Week Post-Exposure","No",N/A,3,2,2,3,1,1,1,2,2,3,3,2,"No",N/A,N/A,N/A,N/A,N/A,N/A,N/A,N/A,N/A,N/A,N/A,N/A,N/A,N/A,N/A,N/A,N/A,3,N/A,N/A,"1",6,5,"Yes","scared of blood, dismembered limbs","No",N/A,"No",N/A,"49","100","76","22","10","100","37","None at all",N/A
"175","A-093","Pre-Exposure","No",N/A,3,2,1,N/A,N/A,N/A,N/A,N/A,N/A,N/A,N/A,N/A,"Yes","3",2,"brother",4,0,"roomate",3,2,"friend",1,0,N/A,N/A,N/A,N/A,N/A,N/A,2,"Yes",4,"3",6,5,"No",N/A,"No",N/A,"No",N/A,"69","69","90","36","10","48","18","A moderate amount","Word of Mouth,News Reports / Articles,Advertisements,Friends"
"176","A-086","Immediate Post-Exposure","No",N/A,4,1,0,0,0,0,2,0,0,0,2,3,"No",N/A,N/A,N/A,N/A,N/A,N/A,N/A,N/A,N/A,N/A,N/A,N/A,N/A,N/A,N/A,N/A,N/A,2,"Yes",1,"5",N/A,6,"No",N/A,"No",N/A,"No",N/A,"29","100","100","30","6","77","1",N/A,N/A
"177","A-087","Immediate Post-Exposure","No",N/A,3,1,1,2,0,2,2,1,1,2,1,2,"No",N/A,N/A,N/A,N/A,N/A,N/A,N/A,N/A,N/A,N/A,N/A,N/A,N/A,N/A,N/A,N/A,N/A,1,"Yes",5,"4",N/A,5,"No",N/A,"No",N/A,"No",N/A,"100","75","50","26","0","27","0",N/A,N/A
"178","A-081","One Week Post-Exposure","No",N/A,1,3,2,3,1,2,2,1,0,2,2,2,"No",N/A,N/A,N/A,N/A,N/A,N/A,N/A,N/A,N/A,N/A,N/A,N/A,N/A,N/A,N/A,N/A,N/A,0,N/A,N/A,N/A,5,2,"Yes","Clowns, Spiders","Yes","1","No",N/A,"50","1","50","49","20","47","100","None at all",N/A
"179","A-088","Immediate Post-Exposure","No",N/A,2,1,1,1,0,0,2,1,1,1,1,2,"No",N/A,N/A,N/A,N/A,N/A,N/A,N/A,N/A,N/A,N/A,N/A,N/A,N/A,N/A,N/A,N/A,N/A,1,"Yes",3,"2",N/A,5,"No",N/A,"No",N/A,"No",N/A,"43","82","84","36","0","40","14",N/A,N/A
"180","A-092","Immediate Post-Exposure","No",N/A,3,1,1,3,2,0,1,1,1,2,1,1,"Yes","3",3,"Teammate",2,2,"Teammate",3,3,"Teammate",2,2,N/A,N/A,N/A,N/A,N/A,N/A,2,"Yes",2,"7",N/A,4,"No",N/A,"No",N/A,"No",N/A,"37","92","75","63","20","82","46",N/A,N/A
"181","A-094","Immediate Post-Exposure","No",N/A,0,2,3,1,0,0,1,0,1,1,1,1,"Yes","4",3,"roomate",3,3,"roomate",3,2,"friend",2,3,"friend",1,1,N/A,N/A,N/A,2,"Yes",0,"2",N/A,0,"No",N/A,"No",N/A,"No",N/A,"47","18","41","39","59","47","38",N/A,N/A
"182","A-093","Immediate Post-Exposure","No",N/A,3,2,0,2,1,2,2,1,0,0,1,2,"Yes","3",2,"brother",4,0,"roomate",3,2,"friend",1,0,N/A,N/A,N/A,N/A,N/A,N/A,2,"Yes",4,"3",N/A,5,"No",N/A,"No",N/A,"No",N/A,"69","69","90","36","10","48","18",N/A,N/A
"183","A-091","Immediate Post-Exposure","No",N/A,3,4,2,1,0,0,3,0,1,2,2,2,"Yes","3",3,"Sister",4,1,"Friend",3,1,"Friend",3,2,N/A,N/A,N/A,N/A,N/A,N/A,4,"Yes",5,"4",N/A,5,"Yes","Fear of the dark","No",N/A,"No",N/A,"70","95","50","75","0","85","25",N/A,N/A
"184","A-065","One Week Post-Exposure","No",N/A,1,2,0,2,0,0,2,2,1,2,0,1,"Yes","1",3,"friend",2,4,N/A,N/A,N/A,N/A,N/A,N/A,N/A,N/A,N/A,N/A,N/A,N/A,4,N/A,6,"5",5,4,"No",N/A,"No",N/A,"No",N/A,"100","100","100","100","5","49","53","A little",N/A
"185","A-061","One Week Post-Exposure","No",N/A,2,1,1,2,0,1,2,1,2,2,1,1,"No",N/A,N/A,N/A,N/A,N/A,N/A,N/A,N/A,N/A,N/A,N/A,N/A,N/A,N/A,N/A,N/A,N/A,2,N/A,N/A,N/A,5,4,"No",N/A,"No",N/A,"No",N/A,"10","50","50","30","1","55","10","A little",N/A
"186","A-063","One Week Post-Exposure","No",N/A,1,2,1,0,0,0,1,0,1,0,0,1,"Yes","2",0,"friend",3,1,"Friend",3,0,N/A,N/A,N/A,N/A,N/A,N/A,N/A,N/A,N/A,3,N/A,N/A,N/A,0,3,"No",N/A,"No",N/A,"No",N/A,"50","100","100","100","0","20","0","None at all",N/A
"187","A-052","One Week Post-Exposure","No",N/A,4,2,1,2,0,0,1,1,1,2,1,1,"Yes","1",1,"Partner",4,1,N/A,N/A,N/A,N/A,N/A,N/A,N/A,N/A,N/A,N/A,N/A,N/A,1,N/A,2,"10",5,5,"No",N/A,"No",N/A,"No",N/A,"30","90","75","60","0","60","25","None at all",N/A
"188","A-062","One Week Post-Exposure","No",N/A,2,2,2,2,0,0,2,1,1,1,1,1,"Yes","2",2,"friend",3,2,"friend",2,0,N/A,N/A,N/A,N/A,N/A,N/A,N/A,N/A,N/A,2,N/A,1,"1",5,4,"No",N/A,"No",N/A,"No",N/A,"51","93","79","91","2","35","5","A little",N/A
"189","A-051","One Week Post-Exposure","No",N/A,2,3,0,1,0,0,2,1,0,2,2,1,"Yes","1",3,"Partner",4,4,N/A,N/A,N/A,N/A,N/A,N/A,N/A,N/A,N/A,N/A,N/A,N/A,2,N/A,3,"2",6,4,"No",N/A,"No",N/A,"No",N/A,"30","85","100","20","0","85","0","None at all",N/A
"190","A-059","One Week Post-Exposure","No",N/A,2,1,1,1,0,0,0,0,0,1,1,2,"No",N/A,N/A,N/A,N/A,N/A,N/A,N/A,N/A,N/A,N/A,N/A,N/A,N/A,N/A,N/A,N/A,N/A,2,N/A,2,"2",4,2,"No",N/A,"No",N/A,"No",N/A,"70","95","100","50","1","81","75","None at all",N/A
"191","A-056","One Week Post-Exposure","No",N/A,4,0,0,1,0,0,1,0,0,1,1,1,"Yes","1",3,"roommate",4,4,N/A,N/A,N/A,N/A,N/A,N/A,N/A,N/A,N/A,N/A,N/A,N/A,1,N/A,1,"10",6,5,"Yes","trypiphobia","No",N/A,"No",N/A,"13","100","3","17","0","1","15","A little",N/A
"192","A-057","One Week Post-Exposure","Yes",N/A,2,3,2,1,0,1,2,2,1,3,0,2,"Yes","1",3,"Roomate",3,3,N/A,N/A,N/A,N/A,N/A,N/A,N/A,N/A,N/A,N/A,N/A,N/A,N/A,N/A,4,N/A,5,N/A,"No",N/A,"No",N/A,"No",N/A,N/A,N/A,N/A,N/A,N/A,N/A,N/A,"A little",N/A
"193","A-098","Pre-Exposure","No",N/A,2,1,1,N/A,N/A,N/A,N/A,N/A,N/A,N/A,N/A,N/A,"No",N/A,N/A,N/A,N/A,N/A,N/A,N/A,N/A,N/A,N/A,N/A,N/A,N/A,N/A,N/A,N/A,N/A,1,"Yes",0,"4",6,5,"No",N/A,"No",N/A,"No",N/A,"50","68","55","31","12","52","65","A little","Word of Mouth"
"194","A-097","Pre-Exposure","No",N/A,3,4,4,N/A,N/A,N/A,N/A,N/A,N/A,N/A,N/A,N/A,"Yes","3",3,"friend",3,3,"friend",2,3,"classmate",0,0,N/A,N/A,N/A,N/A,N/A,N/A,4,"Yes",2,"2",6,5,"No",N/A,"No",N/A,"Yes","10","74","78","71","89","20","31","8","A moderate amount","Word of Mouth"
"195","A-096","Pre-Exposure","No",N/A,3,1,0,N/A,N/A,N/A,N/A,N/A,N/A,N/A,N/A,N/A,"Yes","2",2,"friends",3,3,"friend",2,2,N/A,N/A,N/A,N/A,N/A,N/A,N/A,N/A,N/A,0,"Yes",2,"3",5,6,"No",N/A,"No",N/A,"No",N/A,"51","99","100","100","9","57","27","None at all",N/A
"196","A-100","Pre-Exposure","No",N/A,2,3,2,N/A,N/A,N/A,N/A,N/A,N/A,N/A,N/A,N/A,"Yes","3",3,"friend",3,2,"friend",2,2,"classmate",0,2,N/A,N/A,N/A,N/A,N/A,N/A,2,"Yes",5,"3",3,2,"Yes","clowns","No",N/A,"No",N/A,"82","52","71","70","36","90","61","A little","Videos,Friends"
"197","A-101","Pre-Exposure","No",N/A,2,4,2,N/A,N/A,N/A,N/A,N/A,N/A,N/A,N/A,N/A,"Yes","1",3,"Friend and roommate",4,3,N/A,N/A,N/A,N/A,N/A,N/A,N/A,N/A,N/A,N/A,N/A,N/A,3,"Yes",6,"1",1,1,"Yes","CLOWNS","Yes","once","No",N/A,"46","59","87","53","3","79","30","A moderate amount","Word of Mouth,News Reports / Articles,Advertisements,Friends,Acquaintances"
"198","A-105","Pre-Exposure","No",N/A,0,3,4,N/A,N/A,N/A,N/A,N/A,N/A,N/A,N/A,N/A,"Yes","2",3,"roommate",4,3,"roommate",3,4,N/A,N/A,N/A,N/A,N/A,N/A,N/A,N/A,N/A,2,"No",N/A,N/A,1,1,"No",N/A,"No",N/A,"No",N/A,"100","3","44","7","73","7","3","A little","Word of Mouth,Friends,Acquaintances,Strangers"
"199","A-104","Pre-Exposure","No",N/A,1,2,2,N/A,N/A,N/A,N/A,N/A,N/A,N/A,N/A,N/A,"Yes","2",3,"roommate and friend",2,3,"roommate and friend",2,3,N/A,N/A,N/A,N/A,N/A,N/A,N/A,N/A,N/A,3,"Yes",5,"3",2,1,"Yes","i dont like knives so the one with all the axes and chainsaws got me scared","No",N/A,"No",N/A,"84","58","71","58","46","75","78","None at all",N/A
"200","A-102","Pre-Exposure","No",N/A,2,3,2,N/A,N/A,N/A,N/A,N/A,N/A,N/A,N/A,N/A,"Yes","1",3,"Roommate",4,4,N/A,N/A,N/A,N/A,N/A,N/A,N/A,N/A,N/A,N/A,N/A,N/A,4,"Yes",3,"1",4,4,"No",N/A,"No",N/A,"No",N/A,"47","62","49","28","48","17","19","A moderate amount","Word of Mouth,Social Media Posts,Videos,Advertisements,Friends,Acquaintances"
"201","A-103","Pre-Exposure","No",N/A,4,1,1,N/A,N/A,N/A,N/A,N/A,N/A,N/A,N/A,N/A,"Yes","2",3,"friend",3,3,"friend ",3,3,N/A,N/A,N/A,N/A,N/A,N/A,N/A,N/A,N/A,2,"Yes",5,"1",4,5,"Yes","Mental Hospitals ","No",N/A,"No",N/A,"50","68","76","66","0","50","0","A little","Word of Mouth,Friends,Acquaintances"
"202","A-097","Immediate Post-Exposure","No",N/A,2,4,3,4,1,1,2,3,0,3,3,4,"Yes","3",3,"friend",3,3,"friend",2,3,"classmate",0,0,N/A,N/A,N/A,N/A,N/A,N/A,4,"Yes",2,"2",N/A,5,"No",N/A,"No",N/A,"Yes","10","74","78","71","89","20","31","8",N/A,N/A
"203","A-100","Immediate Post-Exposure","No",N/A,1,1,1,3,1,1,2,1,2,3,2,2,"Yes","3",3,"friend",3,2,"friend",2,2,"classmate",0,2,N/A,N/A,N/A,N/A,N/A,N/A,2,"Yes",5,"3",N/A,2,"Yes","clowns","No",N/A,"No",N/A,"82","52","71","70","36","90","61",N/A,N/A
"204","A-096","Immediate Post-Exposure","No",N/A,4,0,0,2,0,0,1,0,0,0,1,3,"Yes","2",2,"friends",3,3,"friend",2,2,N/A,N/A,N/A,N/A,N/A,N/A,N/A,N/A,N/A,0,"Yes",2,"3",N/A,6,"No",N/A,"No",N/A,"No",N/A,"51","99","100","100","9","57","27",N/A,N/A
"205","A-098","Immediate Post-Exposure","No",N/A,3,1,1,1,0,1,3,1,1,1,1,3,"No",N/A,N/A,N/A,N/A,N/A,N/A,N/A,N/A,N/A,N/A,N/A,N/A,N/A,N/A,N/A,N/A,N/A,1,"Yes",0,"4",N/A,5,"No",N/A,"No",N/A,"No",N/A,"50","68","55","31","12","52","65",N/A,N/A
"206","A-107","Pre-Exposure","No",N/A,2,3,1,N/A,N/A,N/A,N/A,N/A,N/A,N/A,N/A,N/A,"No",N/A,N/A,N/A,N/A,N/A,N/A,N/A,N/A,N/A,N/A,N/A,N/A,N/A,N/A,N/A,N/A,N/A,4,"Yes",4,"2",4,4,"No",N/A,"No",N/A,"No",N/A,"59","73","79","77","6","39","0","A moderate amount","Word of Mouth,Friends"
"207","A-106","Pre-Exposure","Yes","No",N/A,N/A,N/A,N/A,N/A,N/A,N/A,N/A,N/A,N/A,N/A,N/A,"Yes","3",3,"Old Friend",3,1,"Very new friend *friend of old friend*",0,0,"newly reaquainted friend ",2,3,N/A,N/A,N/A,N/A,N/A,N/A,N/A,N/A,N/A,N/A,N/A,N/A,"Yes","The dark","Yes","0, clicked the wrong response ","No",N/A,N/A,N/A,N/A,N/A,N/A,N/A,N/A,N/A,N/A
"208","A-108","Pre-Exposure","No",N/A,2,1,0,N/A,N/A,N/A,N/A,N/A,N/A,N/A,N/A,N/A,"Yes","1",1,"friend",2,1,N/A,N/A,N/A,N/A,N/A,N/A,N/A,N/A,N/A,N/A,N/A,N/A,1,"Yes",1,"2",5,4,"No",N/A,"No",N/A,"No",N/A,"46","72","69","16","1","23","9","A little","Word of Mouth,Social Media Posts"
"209","A-109","Pre-Exposure","No",N/A,4,4,2,N/A,N/A,N/A,N/A,N/A,N/A,N/A,N/A,N/A,"Yes","1",0,"alcoholics anonymous",4,0,N/A,N/A,N/A,N/A,N/A,N/A,N/A,N/A,N/A,N/A,N/A,N/A,4,"Yes",0,"20",6,5,"Yes","fear of the unknown","No",N/A,"No",N/A,"4","16","29","7","3","100","2","None at all",N/A
"210","A-110","Pre-Exposure","No",N/A,2,3,3,N/A,N/A,N/A,N/A,N/A,N/A,N/A,N/A,N/A,"Yes","2",2,"Highschool friend",2,2,"Friend",3,2,N/A,N/A,N/A,N/A,N/A,N/A,N/A,N/A,N/A,4,"Yes",3,"3",5,5,"No",N/A,"No",N/A,"No",N/A,"93","73","95","86","69","88","80","None at all",N/A
"211","A-008","One Week Post-Exposure","No",N/A,1,2,0,3,0,2,1,3,1,1,0,0,"Yes","1",3,"friend",3,4,N/A,N/A,N/A,N/A,N/A,N/A,N/A,N/A,N/A,N/A,N/A,N/A,1,N/A,N/A,N/A,4,4,"No",N/A,"No",N/A,"No",N/A,"50","61","86","59","0","58","7","A little",N/A
"212","A-101","Immediate Post-Exposure","No",N/A,3,4,3,4,0,2,2,2,1,3,3,1,"Yes","1",3,"Friend and roommate",4,3,N/A,N/A,N/A,N/A,N/A,N/A,N/A,N/A,N/A,N/A,N/A,N/A,3,"Yes",6,"1",N/A,1,"Yes","CLOWNS","Yes","once","No",N/A,"46","59","87","53","3","79","30",N/A,N/A
"213","A-104","Immediate Post-Exposure","No",N/A,2,2,2,3,0,1,1,1,1,2,2,4,"Yes","2",3,"roommate and friend",2,3,"roommate and friend",2,3,N/A,N/A,N/A,N/A,N/A,N/A,N/A,N/A,N/A,3,"Yes",5,"3",N/A,1,"Yes","i dont like knives so the one with all the axes and chainsaws got me scared","No",N/A,"No",N/A,"84","58","71","58","46","75","78",N/A,N/A
"214","A-105","Immediate Post-Exposure","No",N/A,0,4,4,1,0,1,2,1,2,3,2,2,"Yes","2",3,"roommate",4,3,"roommate",3,4,N/A,N/A,N/A,N/A,N/A,N/A,N/A,N/A,N/A,2,"No",N/A,N/A,N/A,1,"No",N/A,"No",N/A,"No",N/A,"100","3","44","7","73","7","3",N/A,N/A
"215","A-102","Immediate Post-Exposure","No",N/A,2,3,2,3,1,1,2,1,2,3,2,1,"Yes","1",3,"Roommate",4,4,N/A,N/A,N/A,N/A,N/A,N/A,N/A,N/A,N/A,N/A,N/A,N/A,4,"Yes",3,"1",N/A,4,"No",N/A,"No",N/A,"No",N/A,"47","62","49","28","48","17","19",N/A,N/A
"216","A-103","Immediate Post-Exposure","No",N/A,2,1,3,3,2,1,1,1,0,3,2,2,"Yes","2",3,"friend",3,3,"friend ",3,3,N/A,N/A,N/A,N/A,N/A,N/A,N/A,N/A,N/A,2,"Yes",5,"1",N/A,5,"Yes","Mental Hospitals ","No",N/A,"No",N/A,"50","68","76","66","0","50","0",N/A,N/A
"217","A-109","Immediate Post-Exposure","No",N/A,4,0,3,2,0,1,0,2,0,2,0,0,"Yes","1",0,"alcoholics anonymous",4,0,N/A,N/A,N/A,N/A,N/A,N/A,N/A,N/A,N/A,N/A,N/A,N/A,4,"Yes",0,"20",N/A,5,"Yes","fear of the unknown","No",N/A,"No",N/A,"4","16","29","7","3","100","2",N/A,N/A
"218","A-108","Immediate Post-Exposure","No",N/A,3,1,0,1,0,0,1,1,1,1,1,1,"Yes","1",1,"friend",2,1,N/A,N/A,N/A,N/A,N/A,N/A,N/A,N/A,N/A,N/A,N/A,N/A,1,"Yes",1,"2",N/A,4,"No",N/A,"No",N/A,"No",N/A,"46","72","69","16","1","23","9",N/A,N/A
"219","A-110","Immediate Post-Exposure","No",N/A,1,3,2,1,0,0,3,1,1,1,2,1,"Yes","2",2,"Highschool friend",2,2,"Friend",3,2,N/A,N/A,N/A,N/A,N/A,N/A,N/A,N/A,N/A,4,"Yes",3,"3",N/A,5,"No",N/A,"No",N/A,"No",N/A,"93","73","95","86","69","88","80",N/A,N/A
"220","A-106","Immediate Post-Exposure","Yes",N/A,3,2,1,3,2,3,3,2,2,3,0,1,"Yes","3",3,"Old Friend",3,1,"Very new friend *friend of old friend*",0,0,"newly reaquainted friend ",2,3,N/A,N/A,N/A,N/A,N/A,N/A,N/A,"No",N/A,N/A,N/A,N/A,"Yes","The dark","Yes","0, clicked the wrong response ","No",N/A,N/A,N/A,N/A,N/A,N/A,N/A,N/A,N/A,N/A
"221","A-107","Immediate Post-Exposure","No",N/A,2,3,1,2,0,1,2,1,1,2,3,3,"No",N/A,N/A,N/A,N/A,N/A,N/A,N/A,N/A,N/A,N/A,N/A,N/A,N/A,N/A,N/A,N/A,N/A,4,"Yes",4,"2",N/A,4,"No",N/A,"No",N/A,"No",N/A,"59","73","79","77","6","39","0",N/A,N/A
"222","A-083","One Week Post-Exposure","No",N/A,3,0,1,2,0,1,2,1,2,2,2,2,"Yes","2",1,"Reletive",3,0,"Cousin's Friend",0,0,N/A,N/A,N/A,N/A,N/A,N/A,N/A,N/A,N/A,0,N/A,5,"3",6,4,"No",N/A,"Yes","1","No",N/A,"72","100","71","72","39","37","7","A little",N/A
"223","A-058","One Week Post-Exposure","Yes",N/A,2,3,1,1,0,1,1,1,1,2,2,1,"No",N/A,N/A,N/A,N/A,N/A,N/A,N/A,N/A,N/A,N/A,N/A,N/A,N/A,N/A,N/A,N/A,N/A,N/A,N/A,N/A,N/A,4,N/A,"Yes","Torture, burning flesh, suddent invasion of personal space, strobe lights + mist","No",N/A,"No",N/A,N/A,N/A,N/A,N/A,N/A,N/A,N/A,"None at all",N/A
"224","A-064","One Week Post-Exposure","No",N/A,3,4,3,2,0,2,1,0,0,3,3,2,"No",N/A,N/A,N/A,N/A,N/A,N/A,N/A,N/A,N/A,N/A,N/A,N/A,N/A,N/A,N/A,N/A,N/A,3,N/A,N/A,"2",5,2,"No",N/A,"No",N/A,"No",N/A,"50","60","80","50","0","20","0","A little",N/A
"225","A-076","One Week Post-Exposure","No",N/A,3,2,1,1,0,0,2,0,0,1,0,1,"Yes","1",2,"Roommate",4,2,N/A,N/A,N/A,N/A,N/A,N/A,N/A,N/A,N/A,N/A,N/A,N/A,0,N/A,3,"8",5,5,"Yes","I think I meant to press no. I have no phobias. ","No",N/A,"No",N/A,"51","88","100","1","1","100","81","A little",N/A
"226","A-071","One Week Post-Exposure","Yes",N/A,2,1,1,1,0,0,2,0,0,1,1,1,"No",N/A,N/A,N/A,N/A,N/A,N/A,N/A,N/A,N/A,N/A,N/A,N/A,N/A,N/A,N/A,N/A,N/A,N/A,N/A,0,N/A,5,N/A,"No",N/A,"No",N/A,"No",N/A,N/A,N/A,N/A,N/A,N/A,N/A,N/A,"A little",N/A
"227","A-070","One Week Post-Exposure","No",N/A,2,1,3,2,1,1,1,2,1,3,1,1,"No",N/A,N/A,N/A,N/A,N/A,N/A,N/A,N/A,N/A,N/A,N/A,N/A,N/A,N/A,N/A,N/A,N/A,2,N/A,3,"5",5,5,"No",N/A,"No",N/A,"No",N/A,"74","100","28","27","0","42","51","A little",N/A
"228","A-080","One Week Post-Exposure","No",N/A,2,1,0,2,0,1,1,0,0,0,0,1,"Yes","1",3,"Roommate",3,4,N/A,N/A,N/A,N/A,N/A,N/A,N/A,N/A,N/A,N/A,N/A,N/A,3,N/A,4,"10",5,1,"Yes","social anxiety","No",N/A,"No",N/A,"64","70","84","80","13","60","44","A little",N/A
"229","A-067","One Week Post-Exposure","No",N/A,2,3,1,3,0,1,2,0,0,2,1,1,"No",N/A,N/A,N/A,N/A,N/A,N/A,N/A,N/A,N/A,N/A,N/A,N/A,N/A,N/A,N/A,N/A,N/A,3,N/A,3,"2",6,1,"Yes","spiders","Yes","1","No",N/A,"100","90","100","57","0","52","49","None at all",N/A
"230","A-111","Pre-Exposure","No",N/A,1,1,1,N/A,N/A,N/A,N/A,N/A,N/A,N/A,N/A,N/A,"No",N/A,N/A,N/A,N/A,N/A,N/A,N/A,N/A,N/A,N/A,N/A,N/A,N/A,N/A,N/A,N/A,N/A,3,"Yes",1,"1",3,2,"No",N/A,"No",N/A,"No",N/A,"31","17","14","18","19","100","0","None at all",N/A
"231","A-112","Pre-Exposure","No",N/A,2,1,1,N/A,N/A,N/A,N/A,N/A,N/A,N/A,N/A,N/A,"No",N/A,N/A,N/A,N/A,N/A,N/A,N/A,N/A,N/A,N/A,N/A,N/A,N/A,N/A,N/A,N/A,N/A,2,"Yes",5,"2",3,4,"Yes","Closterphobia","No",N/A,"No",N/A,"73","18","100","100","12","100","0","None at all",N/A
"232","A-119","Pre-Exposure","No",N/A,1,2,2,N/A,N/A,N/A,N/A,N/A,N/A,N/A,N/A,N/A,"No",N/A,N/A,N/A,N/A,N/A,N/A,N/A,N/A,N/A,N/A,N/A,N/A,N/A,N/A,N/A,N/A,N/A,2,"No",N/A,N/A,1,1,"No",N/A,"No",N/A,"No",N/A,"80","35","30","25","0","65","0","None at all",N/A
"233","A-118","Pre-Exposure","No",N/A,3,1,1,N/A,N/A,N/A,N/A,N/A,N/A,N/A,N/A,N/A,"No",N/A,N/A,N/A,N/A,N/A,N/A,N/A,N/A,N/A,N/A,N/A,N/A,N/A,N/A,N/A,N/A,N/A,1,"Yes",1,"12",6,5,"No",N/A,"No",N/A,"No",N/A,"81","90","58","22","0","56","36","None at all",N/A
"234","A-111","Immediate Post-Exposure","No",N/A,0,1,1,3,3,2,1,3,1,3,2,1,"No",N/A,N/A,N/A,N/A,N/A,N/A,N/A,N/A,N/A,N/A,N/A,N/A,N/A,N/A,N/A,N/A,N/A,3,"Yes",1,"1",N/A,2,"No",N/A,"No",N/A,"No",N/A,"31","17","14","18","19","100","0",N/A,N/A
"235","A-112","Immediate Post-Exposure","No",N/A,0,3,1,2,0,1,2,1,0,3,2,1,"No",N/A,N/A,N/A,N/A,N/A,N/A,N/A,N/A,N/A,N/A,N/A,N/A,N/A,N/A,N/A,N/A,N/A,2,"Yes",5,"2",N/A,4,"Yes","Closterphobia","No",N/A,"No",N/A,"73","18","100","100","12","100","0",N/A,N/A
"236","A-046","Pre-Exposure","No",N/A,2,3,2,N/A,N/A,N/A,N/A,N/A,N/A,N/A,N/A,N/A,"No",N/A,N/A,N/A,N/A,N/A,N/A,N/A,N/A,N/A,N/A,N/A,N/A,N/A,N/A,N/A,N/A,N/A,4,"Yes",1,"3",6,5,"No",N/A,"No",N/A,"No",N/A,"10","77","100","33","1","51","20","A little","Word of Mouth,Friends"
"237","A-060","Pre-Exposure","No",N/A,3,2,1,N/A,N/A,N/A,N/A,N/A,N/A,N/A,N/A,N/A,"Yes","1",2,"friend",2,2,N/A,N/A,N/A,N/A,N/A,N/A,N/A,N/A,N/A,N/A,N/A,N/A,2,"No",N/A,N/A,3,3,"No",N/A,"No",N/A,"No",N/A,"48","73","99","31","2","1","0","None at all",N/A
"238","A-049","Pre-Exposure","No",N/A,4,0,1,N/A,N/A,N/A,N/A,N/A,N/A,N/A,N/A,N/A,"Yes","1",2,"boyfriend",4,2,N/A,N/A,N/A,N/A,N/A,N/A,N/A,N/A,N/A,N/A,N/A,N/A,2,"Yes",2,"2",5,3,"No",N/A,"No",N/A,"No",N/A,"68","100","87","48","0","0","0","A little","Word of Mouth"
"239","A-010","Pre-Exposure","No",N/A,4,3,1,N/A,N/A,N/A,N/A,N/A,N/A,N/A,N/A,N/A,"Yes","1",2,"friend",3,2,N/A,N/A,N/A,N/A,N/A,N/A,N/A,N/A,N/A,N/A,N/A,N/A,2,"Yes",0,"2",5,1,"Yes","the arching electricity scared me. I am an electrican and I have almost died 2 times due to an arc. I only live beasue of sheer luck","No",N/A,"No",N/A,"7","70","78","28","0","15","0","A little","Word of Mouth"
"240","A-116","Pre-Exposure","No",N/A,2,1,1,N/A,N/A,N/A,N/A,N/A,N/A,N/A,N/A,N/A,"Yes","1",1,"Girlfriend",4,1,N/A,N/A,N/A,N/A,N/A,N/A,N/A,N/A,N/A,N/A,N/A,N/A,0,"No",N/A,N/A,5,0,"Yes",N/A,"No",N/A,"No",N/A,"73","74","64","38","1","50","4","None at all",N/A
"241","A-120","Immediate Post-Exposure","Yes",N/A,4,1,0,1,0,1,4,1,1,2,1,1,"No",N/A,N/A,N/A,N/A,N/A,N/A,N/A,N/A,N/A,N/A,N/A,N/A,N/A,N/A,N/A,N/A,N/A,N/A,"Yes",6,N/A,N/A,N/A,"Yes","Bugs","No",N/A,"No",N/A,N/A,N/A,N/A,N/A,N/A,N/A,N/A,N/A,N/A
"242","A-118","Immediate Post-Exposure","No",N/A,2,0,1,1,0,2,2,0,0,2,1,0,"No",N/A,N/A,N/A,N/A,N/A,N/A,N/A,N/A,N/A,N/A,N/A,N/A,N/A,N/A,N/A,N/A,N/A,1,"Yes",1,"12",N/A,5,"No",N/A,"No",N/A,"No",N/A,"81","90","58","22","0","56","36",N/A,N/A
"243","A-119","Immediate Post-Exposure","No",N/A,2,1,1,1,0,0,2,1,1,2,2,1,"No",N/A,N/A,N/A,N/A,N/A,N/A,N/A,N/A,N/A,N/A,N/A,N/A,N/A,N/A,N/A,N/A,N/A,2,"No",N/A,N/A,N/A,1,"No",N/A,"No",N/A,"No",N/A,"80","35","30","25","0","65","0",N/A,N/A
"244","A-049","Immediate Post-Exposure","No",N/A,4,0,1,1,0,1,2,0,1,1,0,1,"Yes","1",2,"boyfriend",4,2,N/A,N/A,N/A,N/A,N/A,N/A,N/A,N/A,N/A,N/A,N/A,N/A,2,"Yes",2,"2",N/A,3,"No",N/A,"No",N/A,"No",N/A,"68","100","87","48","0","0","0",N/A,N/A
"245","A-046","Immediate Post-Exposure","No",N/A,3,1,2,1,0,1,3,2,1,3,1,1,"No",N/A,N/A,N/A,N/A,N/A,N/A,N/A,N/A,N/A,N/A,N/A,N/A,N/A,N/A,N/A,N/A,N/A,4,"Yes",1,"3",N/A,5,"No",N/A,"No",N/A,"No",N/A,"10","77","100","33","1","51","20",N/A,N/A
"246","A-116","Immediate Post-Exposure","No",N/A,2,1,0,1,0,1,2,0,0,1,1,2,"Yes","1",1,"Girlfriend",4,1,N/A,N/A,N/A,N/A,N/A,N/A,N/A,N/A,N/A,N/A,N/A,N/A,0,"No",N/A,N/A,N/A,0,"Yes",N/A,"No",N/A,"No",N/A,"73","74","64","38","1","50","4",N/A,N/A
"247","A-060","Immediate Post-Exposure","No",N/A,4,1,1,1,0,0,3,0,0,2,1,1,"Yes","1",2,"friend",2,2,N/A,N/A,N/A,N/A,N/A,N/A,N/A,N/A,N/A,N/A,N/A,N/A,2,"No",N/A,N/A,N/A,3,"No",N/A,"No",N/A,"No",N/A,"48","73","99","31","2","1","0",N/A,N/A
"248","A-010","Immediate Post-Exposure","No",N/A,4,1,1,2,1,1,1,1,1,2,3,1,"Yes","1",2,"friend",3,2,N/A,N/A,N/A,N/A,N/A,N/A,N/A,N/A,N/A,N/A,N/A,N/A,2,"Yes",0,"2",N/A,1,"Yes","the arching electricity scared me. I am an electrican and I have almost died 2 times due to an arc. I only live beasue of sheer luck","No",N/A,"No",N/A,"7","70","78","28","0","15","0",N/A,N/A
"249","A-040","One Week Post-Exposure","No",N/A,1,1,0,2,0,0,3,1,1,2,3,1,"Yes","1",2,"classmate",1,0,N/A,N/A,N/A,N/A,N/A,N/A,N/A,N/A,N/A,N/A,N/A,N/A,1,N/A,0,"2",4,4,"Yes","dark","No",N/A,"No",N/A,"73","100","90","80","2","89","26","None at all",N/A
"250","A-094","One Week Post-Exposure","No",N/A,0,1,3,2,0,0,2,1,1,3,2,1,"Yes","4",3,"roomate",3,3,"roomate",3,2,"friend",2,3,"friend",1,1,N/A,N/A,N/A,2,N/A,0,"2",4,0,"No",N/A,"No",N/A,"No",N/A,"47","18","41","39","59","47","38","A moderate amount",N/A
"251","A-086","One Week Post-Exposure","No",N/A,3,0,0,1,0,0,0,1,1,0,0,2,"No",N/A,N/A,N/A,N/A,N/A,N/A,N/A,N/A,N/A,N/A,N/A,N/A,N/A,N/A,N/A,N/A,N/A,2,N/A,1,"5",6,6,"No",N/A,"No",N/A,"No",N/A,"29","100","100","30","6","77","1","None at all",N/A
"252","A-036","One Week Post-Exposure","No",N/A,2,0,0,1,0,0,3,1,1,2,0,0,"No",N/A,N/A,N/A,N/A,N/A,N/A,N/A,N/A,N/A,N/A,N/A,N/A,N/A,N/A,N/A,N/A,N/A,1,N/A,1,"2",5,5,"No",N/A,"No",N/A,"No",N/A,"100","24","49","51","50","72","46","A little",N/A
"253","A-093","One Week Post-Exposure","No",N/A,3,1,1,2,0,2,2,1,0,0,0,1,"Yes","3",2,"brother",4,0,"roomate",3,2,"friend",1,0,N/A,N/A,N/A,N/A,N/A,N/A,2,N/A,4,"3",5,5,"No",N/A,"No",N/A,"No",N/A,"69","69","90","36","10","48","18","A little",N/A
"254","A-037","One Week Post-Exposure","No",N/A,2,2,1,2,1,3,3,2,2,3,2,2,"Yes","1",2,"Friend/Roommate",3,2,N/A,N/A,N/A,N/A,N/A,N/A,N/A,N/A,N/A,N/A,N/A,N/A,3,N/A,N/A,N/A,1,1,"Yes","This is an odd one, but the first segment invloved 3D glasses. I have a thing with 3D things, like planetariums and the waiting line for Dinsey's Space Mountain.","No",N/A,"No",N/A,"2","28","76","70","78","91","37","A little",N/A
"255","A-038","One Week Post-Exposure","No",N/A,2,3,1,2,0,1,1,1,1,2,1,1,"Yes","1",0,"roommate",3,0,N/A,N/A,N/A,N/A,N/A,N/A,N/A,N/A,N/A,N/A,N/A,N/A,3,N/A,1,"4",5,2,"Yes","sensitivity to loud noises, fear of confined spaces","No",N/A,"No",N/A,"15","50","75","65","0","65","0","A little",N/A
"256","A-091","One Week Post-Exposure","No",N/A,3,1,2,0,0,0,2,0,0,1,1,1,"Yes","3",3,"Sister",4,1,"Friend",3,1,"Friend",3,2,N/A,N/A,N/A,N/A,N/A,N/A,4,N/A,5,"4",6,5,"Yes","Fear of the dark","No",N/A,"No",N/A,"70","95","50","75","0","85","25","A little",N/A
"257","A-088","One Week Post-Exposure","No",N/A,2,0,2,1,0,1,0,1,0,1,1,1,"No",N/A,N/A,N/A,N/A,N/A,N/A,N/A,N/A,N/A,N/A,N/A,N/A,N/A,N/A,N/A,N/A,N/A,1,N/A,3,"2",5,5,"No",N/A,"No",N/A,"No",N/A,"43","82","84","36","0","40","14","A little",N/A
"258","A-092","One Week Post-Exposure","No",N/A,3,2,1,2,0,1,0,1,1,2,1,2,"Yes","3",3,"Teammate",2,2,"Teammate",3,3,"Teammate",2,2,N/A,N/A,N/A,N/A,N/A,N/A,2,N/A,2,"7",5,4,"No",N/A,"No",N/A,"No",N/A,"37","92","75","63","20","82","46","A little",N/A
"259","A-087","One Week Post-Exposure","No",N/A,3,1,1,2,0,1,2,0,1,2,1,2,"No",N/A,N/A,N/A,N/A,N/A,N/A,N/A,N/A,N/A,N/A,N/A,N/A,N/A,N/A,N/A,N/A,N/A,1,N/A,5,"4",5,5,"No",N/A,"No",N/A,"No",N/A,"100","75","50","26","0","27","0","A little",N/A
"260","A-054","Pre-Exposure","No",N/A,3,2,1,N/A,N/A,N/A,N/A,N/A,N/A,N/A,N/A,N/A,"Yes","1",2,"partner (boyfriend)",4,2,N/A,N/A,N/A,N/A,N/A,N/A,N/A,N/A,N/A,N/A,N/A,N/A,3,"No",N/A,N/A,3,4,"No",N/A,"Yes","3","No",N/A,"62","98","100","91","75","99","47","A moderate amount","Word of Mouth,News Reports / Articles,Friends,Family,Acquaintances"
"261","A-045","Pre-Exposure","No",N/A,3,1,0,N/A,N/A,N/A,N/A,N/A,N/A,N/A,N/A,N/A,"No",N/A,N/A,N/A,N/A,N/A,N/A,N/A,N/A,N/A,N/A,N/A,N/A,N/A,N/A,N/A,N/A,N/A,4,"Yes",1,"4",6,3,"Yes","Being kidnapped by a serial killer, small spaces, and the dark. ","No",N/A,"No",N/A,"50","100","100","100","0","100","18","None at all",N/A
"262","A-007","Pre-Exposure","Yes","No",N/A,N/A,N/A,N/A,N/A,N/A,N/A,N/A,N/A,N/A,N/A,N/A,"No",N/A,N/A,N/A,N/A,N/A,N/A,N/A,N/A,N/A,N/A,N/A,N/A,N/A,N/A,N/A,N/A,N/A,N/A,N/A,N/A,N/A,N/A,N/A,"No",N/A,"No",N/A,"No",N/A,N/A,N/A,N/A,N/A,N/A,N/A,N/A,N/A,N/A
"263","A-017","Pre-Exposure","No",N/A,3,0,2,N/A,N/A,N/A,N/A,N/A,N/A,N/A,N/A,N/A,"Yes","1",2,"Friend",2,3,N/A,N/A,N/A,N/A,N/A,N/A,N/A,N/A,N/A,N/A,N/A,N/A,1,"Yes",2,"10",6,6,"No",N/A,"No",N/A,"No",N/A,"48","63","59","47","58","64","34","None at all",N/A
"264","A-055","Pre-Exposure","No",N/A,2,4,2,N/A,N/A,N/A,N/A,N/A,N/A,N/A,N/A,N/A,"No",N/A,N/A,N/A,N/A,N/A,N/A,N/A,N/A,N/A,N/A,N/A,N/A,N/A,N/A,N/A,N/A,N/A,2,"No",N/A,N/A,3,0,"No",N/A,"No",N/A,"No",N/A,"0","0","100","100","0","0","0","A little","Word of Mouth,Friends"
"265","A-023","Pre-Exposure","No",N/A,3,1,1,N/A,N/A,N/A,N/A,N/A,N/A,N/A,N/A,N/A,"Yes","1",2,"we live on the same floor",3,2,N/A,N/A,N/A,N/A,N/A,N/A,N/A,N/A,N/A,N/A,N/A,N/A,1,"No",N/A,N/A,3,5,"No",N/A,"Yes","3","No",N/A,"76","62","90","73","25","45","94","None at all",N/A
"266","A-015","Pre-Exposure","No",N/A,2,3,2,N/A,N/A,N/A,N/A,N/A,N/A,N/A,N/A,N/A,"Yes","1",3,"Friend ",3,2,N/A,N/A,N/A,N/A,N/A,N/A,N/A,N/A,N/A,N/A,N/A,N/A,1,"Yes",1,"3",5,1,"Yes","The first segment had spiders and I'm scared of spiders. ","No",N/A,"No",N/A,"94","80","26","96","3","64","15","A little","Social Media Posts,News Reports / Articles,Family"
"267","A-124","Pre-Exposure","No",N/A,1,3,1,N/A,N/A,N/A,N/A,N/A,N/A,N/A,N/A,N/A,"No",N/A,N/A,N/A,N/A,N/A,N/A,N/A,N/A,N/A,N/A,N/A,N/A,N/A,N/A,N/A,N/A,N/A,2,"No",N/A,N/A,3,2,"No",N/A,N/A,N/A,N/A,N/A,"43","59","89","0","0","60","50","A moderate amount","Word of Mouth,Social Media Posts,Advertisements,Friends"
"268","A-054","Immediate Post-Exposure","No",N/A,4,2,1,2,1,3,3,1,1,2,1,2,"Yes","1",2,"partner (boyfriend)",4,2,N/A,N/A,N/A,N/A,N/A,N/A,N/A,N/A,N/A,N/A,N/A,N/A,3,"No",N/A,N/A,N/A,4,"No",N/A,"Yes","3","No",N/A,"62","98","100","91","75","99","47",N/A,N/A
"269","A-017","Immediate Post-Exposure","No",N/A,3,1,2,1,2,0,1,0,2,0,4,0,"Yes","1",2,"Friend",2,3,N/A,N/A,N/A,N/A,N/A,N/A,N/A,N/A,N/A,N/A,N/A,N/A,1,"Yes",2,"10",N/A,6,"No",N/A,"No",N/A,"No",N/A,"48","63","59","47","58","64","34",N/A,N/A
"270","A-007","Immediate Post-Exposure","Yes",N/A,3,1,1,2,0,1,1,1,2,1,2,2,"No",N/A,N/A,N/A,N/A,N/A,N/A,N/A,N/A,N/A,N/A,N/A,N/A,N/A,N/A,N/A,N/A,N/A,N/A,"No",N/A,N/A,N/A,N/A,"No",N/A,"No",N/A,"No",N/A,N/A,N/A,N/A,N/A,N/A,N/A,N/A,N/A,N/A
"271","A-045","Immediate Post-Exposure","No",N/A,2,2,0,2,1,0,1,0,0,3,1,3,"No",N/A,N/A,N/A,N/A,N/A,N/A,N/A,N/A,N/A,N/A,N/A,N/A,N/A,N/A,N/A,N/A,N/A,4,"Yes",1,"4",N/A,3,"Yes","Being kidnapped by a serial killer, small spaces, and the dark. ","No",N/A,"No",N/A,"50","100","100","100","0","100","18",N/A,N/A
"272","A-113","Pre-Exposure","No",N/A,0,4,3,N/A,N/A,N/A,N/A,N/A,N/A,N/A,N/A,N/A,"No",N/A,N/A,N/A,N/A,N/A,N/A,N/A,N/A,N/A,N/A,N/A,N/A,N/A,N/A,N/A,N/A,N/A,3,"No",N/A,N/A,1,0,"No",N/A,"No",N/A,"No",N/A,"100","0","39","86","0","97","0","None at all",N/A
"273","A-075","Pre-Exposure","No",N/A,0,2,3,N/A,N/A,N/A,N/A,N/A,N/A,N/A,N/A,N/A,"Yes","3",0,"friend",4,0,"friend",4,0,"friend",3,0,N/A,N/A,N/A,N/A,N/A,N/A,3,"Yes",2,"1",1,0,"Yes","dead bodies","No",N/A,"No",N/A,"2","9","9","10","13","58","7","None at all",N/A
"274","A-073","Pre-Exposure","No",N/A,0,4,4,N/A,N/A,N/A,N/A,N/A,N/A,N/A,N/A,N/A,"Yes","4",2,"brother",4,0,"friend",4,1,"boyfriend",4,3,"friend",3,0,N/A,N/A,N/A,3,"No",N/A,N/A,0,0,"Yes","gross images/objects","No",N/A,"No",N/A,"63","5","11","4","27","82","1","A moderate amount","Friends"
"275","A-074","Pre-Exposure","No",N/A,1,1,2,N/A,N/A,N/A,N/A,N/A,N/A,N/A,N/A,N/A,"Yes","3",3,"Sister",4,4,"Friend",4,4,"Friend",4,4,N/A,N/A,N/A,N/A,N/A,N/A,2,"Yes",1,"2",3,3,"Yes","Not being able to see","No",N/A,"No",N/A,"27","31","29","45","7","89","23","A little","Word of Mouth,Social Media Posts,News Reports / Articles,Friends"
"276","A-099","Pre-Exposure","No",N/A,2,3,1,N/A,N/A,N/A,N/A,N/A,N/A,N/A,N/A,N/A,"Yes","4",0,"Girlfriend",4,0,"Close friend",2,0,"Close Friend",2,0,"Close friend",2,0,N/A,N/A,N/A,2,"Yes",3,"1",3,4,"No",N/A,"No",N/A,"No",N/A,"100","50","74","74","20","50","0","A little","Word of Mouth"
"277","A-055","Immediate Post-Exposure","No",N/A,3,2,2,1,0,1,1,0,0,2,1,1,"No",N/A,N/A,N/A,N/A,N/A,N/A,N/A,N/A,N/A,N/A,N/A,N/A,N/A,N/A,N/A,N/A,N/A,2,"No",N/A,N/A,N/A,0,"No",N/A,"No",N/A,"No",N/A,"0","0","100","100","0","0","0",N/A,N/A
"278","A-124","Immediate Post-Exposure","No",N/A,2,3,0,2,0,0,1,1,1,2,2,2,"No",N/A,N/A,N/A,N/A,N/A,N/A,N/A,N/A,N/A,N/A,N/A,N/A,N/A,N/A,N/A,N/A,N/A,2,"No",N/A,N/A,N/A,2,"No",N/A,N/A,N/A,N/A,N/A,"43","59","89","0","0","60","50",N/A,N/A
"279","A-023","Immediate Post-Exposure","No",N/A,1,1,1,1,0,0,1,0,0,1,1,0,"Yes","1",2,"we live on the same floor",3,2,N/A,N/A,N/A,N/A,N/A,N/A,N/A,N/A,N/A,N/A,N/A,N/A,1,"No",N/A,N/A,N/A,5,"No",N/A,"Yes","3","No",N/A,"76","62","90","73","25","45","94",N/A,N/A
"280","A-015","Immediate Post-Exposure","No",N/A,3,3,3,1,0,2,2,0,1,2,2,3,"Yes","1",3,"Friend ",3,2,N/A,N/A,N/A,N/A,N/A,N/A,N/A,N/A,N/A,N/A,N/A,N/A,1,"Yes",1,"3",N/A,1,"Yes","The first segment had spiders and I'm scared of spiders. ","No",N/A,"No",N/A,"94","80","26","96","3","64","15",N/A,N/A
"281","A-075","Immediate Post-Exposure","No",N/A,1,2,3,1,1,1,3,2,1,2,1,2,"Yes","3",0,"friend",4,0,"friend",4,0,"friend",3,0,N/A,N/A,N/A,N/A,N/A,N/A,3,"Yes",2,"1",N/A,0,"Yes","dead bodies","No",N/A,"No",N/A,"2","9","9","10","13","58","7",N/A,N/A
"282","A-073","Immediate Post-Exposure","No",N/A,1,3,4,3,2,1,1,1,2,4,2,3,"Yes","4",2,"brother",4,0,"friend",4,1,"boyfriend",4,3,"friend",3,0,N/A,N/A,N/A,3,"No",N/A,N/A,N/A,0,"Yes","gross images/objects","No",N/A,"No",N/A,"63","5","11","4","27","82","1",N/A,N/A
"283","A-113","Immediate Post-Exposure","No",N/A,0,4,2,3,1,2,2,2,1,3,2,3,"No",N/A,N/A,N/A,N/A,N/A,N/A,N/A,N/A,N/A,N/A,N/A,N/A,N/A,N/A,N/A,N/A,N/A,3,"No",N/A,N/A,N/A,0,"No",N/A,"No",N/A,"No",N/A,"100","0","39","86","0","97","0",N/A,N/A
"284","A-074","Immediate Post-Exposure","No",N/A,2,2,2,2,0,1,1,1,0,2,2,2,"Yes","3",3,"Sister",4,4,"Friend",4,4,"Friend",4,4,N/A,N/A,N/A,N/A,N/A,N/A,2,"Yes",1,"2",N/A,3,"Yes","Not being able to see","No",N/A,"No",N/A,"27","31","29","45","7","89","23",N/A,N/A
"285","A-099","Immediate Post-Exposure","No",N/A,1,3,1,1,0,0,1,0,2,2,2,1,"Yes","4",0,"Girlfriend",4,0,"Close friend",2,0,"Close Friend",2,0,"Close friend",2,0,N/A,N/A,N/A,2,"Yes",3,"1",N/A,4,"No",N/A,"No",N/A,"No",N/A,"100","50","74","74","20","50","0",N/A,N/A
"286","A-101","One Week Post-Exposure","No",N/A,1,4,3,3,0,1,1,1,0,3,3,2,"Yes","1",3,"Friend and roommate",4,3,N/A,N/A,N/A,N/A,N/A,N/A,N/A,N/A,N/A,N/A,N/A,N/A,3,N/A,6,"1",4,1,"Yes","CLOWNS","Yes","once","No",N/A,"46","59","87","53","3","79","30","A moderate amount",N/A
"287","A-097","One Week Post-Exposure","No",N/A,2,3,3,3,2,1,4,2,1,4,0,3,"Yes","3",3,"friend",3,3,"friend",2,3,"classmate",0,0,N/A,N/A,N/A,N/A,N/A,N/A,4,N/A,2,"2",6,5,"No",N/A,"No",N/A,"Yes","10","74","78","71","89","20","31","8","A moderate amount",N/A
"288","A-100","One Week Post-Exposure","No",N/A,2,2,1,3,1,1,2,2,2,3,2,2,"Yes","3",3,"friend",3,2,"friend",2,2,"classmate",0,2,N/A,N/A,N/A,N/A,N/A,N/A,2,N/A,5,"3",4,2,"Yes","clowns","No",N/A,"No",N/A,"82","52","71","70","36","90","61","None at all",N/A
"289","A-110","One Week Post-Exposure","No",N/A,2,1,2,1,0,0,1,1,0,1,0,2,"Yes","2",2,"Highschool friend",2,2,"Friend",3,2,N/A,N/A,N/A,N/A,N/A,N/A,N/A,N/A,N/A,4,N/A,3,"3",3,5,"No",N/A,"No",N/A,"No",N/A,"93","73","95","86","69","88","80","A little",N/A
"290","A-098","One Week Post-Exposure","No",N/A,3,1,1,2,0,1,2,2,1,3,1,1,"No",N/A,N/A,N/A,N/A,N/A,N/A,N/A,N/A,N/A,N/A,N/A,N/A,N/A,N/A,N/A,N/A,N/A,1,N/A,0,"4",4,5,"No",N/A,"No",N/A,"No",N/A,"50","68","55","31","12","52","65","A little",N/A
"291","A-096","One Week Post-Exposure","No",N/A,3,2,0,1,0,0,1,0,0,1,1,1,"Yes","2",2,"friends",3,3,"friend",2,2,N/A,N/A,N/A,N/A,N/A,N/A,N/A,N/A,N/A,0,N/A,2,"3",6,6,"No",N/A,"No",N/A,"No",N/A,"51","99","100","100","9","57","27","None at all",N/A
"292","A-107","One Week Post-Exposure","No",N/A,2,3,1,2,1,1,3,0,1,3,2,2,"No",N/A,N/A,N/A,N/A,N/A,N/A,N/A,N/A,N/A,N/A,N/A,N/A,N/A,N/A,N/A,N/A,N/A,4,N/A,4,"2",4,4,"No",N/A,"No",N/A,"No",N/A,"59","73","79","77","6","39","0","A little",N/A
"293","A-072","One Week Post-Exposure","No",N/A,2,1,1,1,0,0,2,1,1,1,1,1,"No",N/A,N/A,N/A,N/A,N/A,N/A,N/A,N/A,N/A,N/A,N/A,N/A,N/A,N/A,N/A,N/A,N/A,1,N/A,N/A,N/A,1,4,"No",N/A,"No",N/A,"No",N/A,"50","89","100","100","93","91","100","None at all",N/A
"294","A-106","One Week Post-Exposure","Yes",N/A,3,2,1,3,2,3,1,2,0,2,0,0,"Yes","3",3,"Old Friend",3,1,"Very new friend *friend of old friend*",0,0,"newly reaquainted friend ",2,3,N/A,N/A,N/A,N/A,N/A,N/A,N/A,N/A,N/A,N/A,5,N/A,"Yes","The dark","Yes","0, clicked the wrong response ","No",N/A,N/A,N/A,N/A,N/A,N/A,N/A,N/A,"A little",N/A
"295","A-041","Pre-Exposure","No",N/A,0,0,0,N/A,N/A,N/A,N/A,N/A,N/A,N/A,N/A,N/A,"No",N/A,N/A,N/A,N/A,N/A,N/A,N/A,N/A,N/A,N/A,N/A,N/A,N/A,N/A,N/A,N/A,N/A,3,"No",N/A,N/A,3,0,"No",N/A,"No",N/A,"No",N/A,"99","0","100","51","55","50","66","None at all",N/A
"296","A-084","Pre-Exposure","No",N/A,1,3,1,N/A,N/A,N/A,N/A,N/A,N/A,N/A,N/A,N/A,"No",N/A,N/A,N/A,N/A,N/A,N/A,N/A,N/A,N/A,N/A,N/A,N/A,N/A,N/A,N/A,N/A,N/A,1,"Yes",3,"4",5,1,"No",N/A,"No",N/A,"No",N/A,"49","86","100","37","6","100","100","None at all",N/A
"297","A-115","Pre-Exposure","No",N/A,2,3,0,N/A,N/A,N/A,N/A,N/A,N/A,N/A,N/A,N/A,"Yes","1",2,"friend",1,2,N/A,N/A,N/A,N/A,N/A,N/A,N/A,N/A,N/A,N/A,N/A,N/A,2,"Yes",3,"1",5,4,"No",N/A,"No",N/A,"No",N/A,"100","43","18","37","0","0","0","A little","Word of Mouth"
"298","A-114","Pre-Exposure","No",N/A,2,1,1,N/A,N/A,N/A,N/A,N/A,N/A,N/A,N/A,N/A,"Yes","1",2,"Friend",2,1,N/A,N/A,N/A,N/A,N/A,N/A,N/A,N/A,N/A,N/A,N/A,N/A,1,"Yes",1,"2",4,5,"No",N/A,"No",N/A,"No",N/A,"50","75","90","50","0","50","15","A little","Word of Mouth,Friends"
"299","A-122","Pre-Exposure","No",N/A,4,2,1,N/A,N/A,N/A,N/A,N/A,N/A,N/A,N/A,N/A,"Yes","1",2,"Friend",2,2,N/A,N/A,N/A,N/A,N/A,N/A,N/A,N/A,N/A,N/A,N/A,N/A,1,"Yes",2,"2",6,5,"No",N/A,"No",N/A,"No",N/A,"50","84","100","31","2","60","81","None at all",N/A
"300","A-089","Pre-Exposure","No",N/A,1,3,3,N/A,N/A,N/A,N/A,N/A,N/A,N/A,N/A,N/A,"Yes","2",3,"Friend",3,3,"Friend",3,3,N/A,N/A,N/A,N/A,N/A,N/A,N/A,N/A,N/A,2,"Yes",3,"2",2,1,"No",N/A,"No",N/A,"No",N/A,"34","67","85","7","0","0","0","A little","Word of Mouth"
"301","A-117","Pre-Exposure","No",N/A,3,1,0,N/A,N/A,N/A,N/A,N/A,N/A,N/A,N/A,N/A,"Yes","2",3,"Friend",3,3,"Friend",3,3,N/A,N/A,N/A,N/A,N/A,N/A,N/A,N/A,N/A,3,"Yes",5,"4",6,5,"No",N/A,"No",N/A,"No",N/A,"100","100","100","100","10","75","50","A moderate amount","Word of Mouth,Social Media Posts,Friends"
"302","A-090","Pre-Exposure","No",N/A,2,2,1,N/A,N/A,N/A,N/A,N/A,N/A,N/A,N/A,N/A,"Yes","2",2,"friend",3,3,"friend",3,2,N/A,N/A,N/A,N/A,N/A,N/A,N/A,N/A,N/A,3,"Yes",4,"6",6,4,"No",N/A,"No",N/A,"No",N/A,"51","92","89","91","55","35","82","A little","Friends"
"303","A-123","Pre-Exposure","No",N/A,3,1,1,N/A,N/A,N/A,N/A,N/A,N/A,N/A,N/A,N/A,"Yes","1",2,"classmate",0,3,N/A,N/A,N/A,N/A,N/A,N/A,N/A,N/A,N/A,N/A,N/A,N/A,2,"No",N/A,N/A,6,5,"No",N/A,"No",N/A,"No",N/A,"100","88","100","100","25","43","22","A moderate amount","Word of Mouth,Social Media Posts,Advertisements,Friends,Family,Acquaintances"
"305","A-041","Immediate Post-Exposure","No",N/A,3,1,0,1,0,0,2,0,0,1,0,3,"No",N/A,N/A,N/A,N/A,N/A,N/A,N/A,N/A,N/A,N/A,N/A,N/A,N/A,N/A,N/A,N/A,N/A,3,"No",N/A,N/A,N/A,0,"No",N/A,"No",N/A,"No",N/A,"99","0","100","51","55","50","66",N/A,N/A
"306","A-115","Immediate Post-Exposure","No",N/A,3,0,0,1,0,0,0,1,1,1,1,1,"Yes","1",2,"friend",1,2,N/A,N/A,N/A,N/A,N/A,N/A,N/A,N/A,N/A,N/A,N/A,N/A,2,"Yes",3,"1",N/A,4,"No",N/A,"No",N/A,"No",N/A,"100","43","18","37","0","0","0",N/A,N/A
"307","A-084","Immediate Post-Exposure","No",N/A,2,1,1,2,0,0,2,1,1,2,0,2,"No",N/A,N/A,N/A,N/A,N/A,N/A,N/A,N/A,N/A,N/A,N/A,N/A,N/A,N/A,N/A,N/A,N/A,1,"Yes",3,"4",N/A,1,"No",N/A,"No",N/A,"No",N/A,"49","86","100","37","6","100","100",N/A,N/A
"308","A-114","Immediate Post-Exposure","No",N/A,3,1,1,1,0,0,2,1,1,1,1,2,"Yes","1",2,"Friend",2,1,N/A,N/A,N/A,N/A,N/A,N/A,N/A,N/A,N/A,N/A,N/A,N/A,1,"Yes",1,"2",N/A,5,"No",N/A,"No",N/A,"No",N/A,"50","75","90","50","0","50","15",N/A,N/A
"309","A-050","Pre-Exposure","No",N/A,4,2,0,N/A,N/A,N/A,N/A,N/A,N/A,N/A,N/A,N/A,"Yes","1",2,"friend/teammate",3,1,N/A,N/A,N/A,N/A,N/A,N/A,N/A,N/A,N/A,N/A,N/A,N/A,2,"No",N/A,N/A,5,6,"No",N/A,"No",N/A,"No",N/A,"88","100","100","100","6","100","3","None at all",N/A
"310","A-108","One Week Post-Exposure","No",N/A,2,1,0,0,0,0,1,0,1,0,1,1,"Yes","1",1,"friend",2,1,N/A,N/A,N/A,N/A,N/A,N/A,N/A,N/A,N/A,N/A,N/A,N/A,1,N/A,1,"2",5,4,"No",N/A,"No",N/A,"No",N/A,"46","72","69","16","1","23","9","A little",N/A
"311","A-095","Pre-Exposure","No",N/A,3,3,2,N/A,N/A,N/A,N/A,N/A,N/A,N/A,N/A,N/A,"Yes","1",3,"Teammate ",3,3,N/A,N/A,N/A,N/A,N/A,N/A,N/A,N/A,N/A,N/A,N/A,N/A,1,"Yes",1,"3",5,4,"No",N/A,"No",N/A,"No",N/A,"100","94","50","68","100","28","9","None at all",N/A
"312","A-090","Immediate Post-Exposure","No",N/A,3,2,1,3,1,2,2,2,1,3,1,2,"Yes","2",2,"friend",3,3,"friend",3,2,N/A,N/A,N/A,N/A,N/A,N/A,N/A,N/A,N/A,3,"Yes",4,"6",N/A,4,"No",N/A,"No",N/A,"No",N/A,"51","92","89","91","55","35","82",N/A,N/A
"313","A-123","Immediate Post-Exposure","No",N/A,4,2,0,1,0,0,2,0,2,1,0,1,"Yes","1",2,"classmate",0,3,N/A,N/A,N/A,N/A,N/A,N/A,N/A,N/A,N/A,N/A,N/A,N/A,2,"No",N/A,N/A,N/A,5,"No",N/A,"No",N/A,"No",N/A,"100","88","100","100","25","43","22",N/A,N/A
"314","A-122","Immediate Post-Exposure","No",N/A,4,1,0,1,0,0,1,0,0,2,3,2,"Yes","1",2,"Friend",2,2,N/A,N/A,N/A,N/A,N/A,N/A,N/A,N/A,N/A,N/A,N/A,N/A,1,"Yes",2,"2",N/A,5,"No",N/A,"No",N/A,"No",N/A,"50","84","100","31","2","60","81",N/A,N/A
"315","A-089","Immediate Post-Exposure","No",N/A,3,1,1,1,0,1,1,1,0,2,2,2,"Yes","2",3,"Friend",3,3,"Friend",3,3,N/A,N/A,N/A,N/A,N/A,N/A,N/A,N/A,N/A,2,"Yes",3,"2",N/A,1,"No",N/A,"No",N/A,"No",N/A,"34","67","85","7","0","0","0",N/A,N/A
"316","A-117","Immediate Post-Exposure","No",N/A,4,4,0,4,1,1,1,0,0,2,2,1,"Yes","2",3,"Friend",3,3,"Friend",3,3,N/A,N/A,N/A,N/A,N/A,N/A,N/A,N/A,N/A,3,"Yes",5,"4",N/A,5,"No",N/A,"No",N/A,"No",N/A,"100","100","100","100","10","75","50",N/A,N/A
"317","A-050","Immediate Post-Exposure","No",N/A,4,2,0,1,0,0,1,1,0,2,2,1,"Yes","1",2,"friend/teammate",3,1,N/A,N/A,N/A,N/A,N/A,N/A,N/A,N/A,N/A,N/A,N/A,N/A,2,"No",N/A,N/A,N/A,6,"No",N/A,"No",N/A,"No",N/A,"88","100","100","100","6","100","3",N/A,N/A
"318","A-095","Immediate Post-Exposure","No",N/A,2,1,1,1,0,1,1,0,0,2,2,1,"Yes","1",3,"Teammate ",3,3,N/A,N/A,N/A,N/A,N/A,N/A,N/A,N/A,N/A,N/A,N/A,N/A,1,"Yes",1,"3",N/A,4,"No",N/A,"No",N/A,"No",N/A,"100","94","50","68","100","28","9",N/A,N/A
"319","A-109","One Week Post-Exposure","No",N/A,4,0,3,2,0,1,0,2,0,3,0,0,"Yes","1",0,"alcoholics anonymous",4,0,N/A,N/A,N/A,N/A,N/A,N/A,N/A,N/A,N/A,N/A,N/A,N/A,4,N/A,0,"20",6,5,"Yes","fear of the unknown","No",N/A,"No",N/A,"4","16","29","7","3","100","2","None at all",N/A
"320","A-102","One Week Post-Exposure","No",N/A,2,3,3,2,1,1,2,0,1,3,2,2,"Yes","1",3,"Roommate",4,4,N/A,N/A,N/A,N/A,N/A,N/A,N/A,N/A,N/A,N/A,N/A,N/A,4,N/A,3,"1",5,4,"No",N/A,"No",N/A,"No",N/A,"47","62","49","28","48","17","19","A moderate amount",N/A
"321","A-103","One Week Post-Exposure","No",N/A,2,1,3,3,2,1,0,2,2,3,3,1,"Yes","2",3,"friend",3,3,"friend ",3,3,N/A,N/A,N/A,N/A,N/A,N/A,N/A,N/A,N/A,2,N/A,5,"1",5,5,"Yes","Mental Hospitals ","No",N/A,"No",N/A,"50","68","76","66","0","50","0","None at all",N/A
"322","A-104","One Week Post-Exposure","No",N/A,1,3,3,3,0,2,2,2,1,3,2,1,"Yes","2",3,"roommate and friend",2,3,"roommate and friend",2,3,N/A,N/A,N/A,N/A,N/A,N/A,N/A,N/A,N/A,3,N/A,5,"3",4,1,"Yes","i dont like knives so the one with all the axes and chainsaws got me scared","No",N/A,"No",N/A,"84","58","71","58","46","75","78","None at all",N/A
"323","A-105","One Week Post-Exposure","No",N/A,4,2,4,1,0,1,2,2,2,2,1,2,"Yes","2",3,"roommate",4,3,"roommate",3,4,N/A,N/A,N/A,N/A,N/A,N/A,N/A,N/A,N/A,2,N/A,N/A,N/A,6,1,"No",N/A,"No",N/A,"No",N/A,"100","3","44","7","73","7","3","A little",N/A
"324","A-111","One Week Post-Exposure","No",N/A,1,2,1,2,1,1,0,1,1,1,2,2,"No",N/A,N/A,N/A,N/A,N/A,N/A,N/A,N/A,N/A,N/A,N/A,N/A,N/A,N/A,N/A,N/A,N/A,3,N/A,1,"1",4,2,"No",N/A,"No",N/A,"No",N/A,"31","17","14","18","19","100","0","None at all",N/A
"325","A-120","One Week Post-Exposure","Yes",N/A,4,2,0,1,0,1,1,2,1,2,1,1,"No",N/A,N/A,N/A,N/A,N/A,N/A,N/A,N/A,N/A,N/A,N/A,N/A,N/A,N/A,N/A,N/A,N/A,N/A,N/A,6,N/A,6,N/A,"Yes","Bugs","No",N/A,"No",N/A,N/A,N/A,N/A,N/A,N/A,N/A,N/A,"A great deal",N/A
"326","A-118","One Week Post-Exposure","No",N/A,3,2,1,0,0,0,3,0,0,1,1,0,"No",N/A,N/A,N/A,N/A,N/A,N/A,N/A,N/A,N/A,N/A,N/A,N/A,N/A,N/A,N/A,N/A,N/A,1,N/A,1,"12",2,5,"No",N/A,"No",N/A,"No",N/A,"81","90","58","22","0","56","36","None at all",N/A
"328","A-049","One Week Post-Exposure","No",N/A,3,1,0,1,1,0,1,1,0,1,0,1,"Yes","1",2,"boyfriend",4,2,N/A,N/A,N/A,N/A,N/A,N/A,N/A,N/A,N/A,N/A,N/A,N/A,2,N/A,2,"2",4,3,"No",N/A,"No",N/A,"No",N/A,"68","100","87","48","0","0","0","A little",N/A
"329","A-120","Pre-Exposure","Yes","Yes",N/A,N/A,N/A,N/A,N/A,N/A,N/A,N/A,N/A,N/A,N/A,N/A,"No",N/A,N/A,N/A,N/A,N/A,N/A,N/A,N/A,N/A,N/A,N/A,N/A,N/A,N/A,N/A,N/A,N/A,N/A,N/A,6,N/A,N/A,N/A,"Yes","Bugs","No",N/A,"No",N/A,N/A,N/A,N/A,N/A,N/A,N/A,N/A,N/A,N/A
"330","A-116","One Week Post-Exposure","No",N/A,2,0,1,1,0,0,1,0,0,0,0,1,"Yes","1",1,"Girlfriend",4,1,N/A,N/A,N/A,N/A,N/A,N/A,N/A,N/A,N/A,N/A,N/A,N/A,0,N/A,N/A,N/A,4,0,"Yes",N/A,"No",N/A,"No",N/A,"73","74","64","38","1","50","4","None at all",N/A
"332","A-060","One Week Post-Exposure","No",N/A,3,1,0,1,1,0,1,0,1,2,0,2,"Yes","1",2,"friend",2,2,N/A,N/A,N/A,N/A,N/A,N/A,N/A,N/A,N/A,N/A,N/A,N/A,2,N/A,N/A,N/A,4,3,"No",N/A,"No",N/A,"No",N/A,"48","73","99","31","2","1","0","None at all",N/A
"333","A-078","One Week Post-Exposure","No",N/A,N/A,N/A,N/A,N/A,N/A,N/A,N/A,N/A,N/A,N/A,N/A,N/A,"Yes","1",3,"friend-ish?",4,3,N/A,N/A,N/A,N/A,N/A,N/A,N/A,N/A,N/A,N/A,N/A,N/A,1,N/A,N/A,N/A,N/A,3,"No",N/A,N/A,N/A,N/A,N/A,"14","78","100","93","2","88","68",N/A,N/A
"334","A-023","One Week Post-Exposure","No",N/A,2,1,1,0,0,0,1,0,0,1,0,1,"Yes","1",2,"we live on the same floor",3,2,N/A,N/A,N/A,N/A,N/A,N/A,N/A,N/A,N/A,N/A,N/A,N/A,1,N/A,N/A,N/A,4,5,"No",N/A,"Yes","3","No",N/A,"76","62","90","73","25","45","94","None at all",N/A
"335","A-045","One Week Post-Exposure","No",N/A,2,1,0,2,1,0,1,1,1,1,1,1,"No",N/A,N/A,N/A,N/A,N/A,N/A,N/A,N/A,N/A,N/A,N/A,N/A,N/A,N/A,N/A,N/A,N/A,4,N/A,1,"4",6,3,"Yes","Being kidnapped by a serial killer, small spaces, and the dark. ","No",N/A,"No",N/A,"50","100","100","100","0","100","18","None at all",N/A
"336","A-017","One Week Post-Exposure","No",N/A,1,2,4,3,2,0,2,3,2,0,0,1,"Yes","1",2,"Friend",2,3,N/A,N/A,N/A,N/A,N/A,N/A,N/A,N/A,N/A,N/A,N/A,N/A,1,N/A,2,"10",2,6,"No",N/A,"No",N/A,"No",N/A,"48","63","59","47","58","64","34","A little",N/A
"337","A-075","One Week Post-Exposure","No",N/A,1,4,3,1,0,1,2,1,2,1,1,1,"Yes","3",0,"friend",4,0,"friend",4,0,"friend",3,0,N/A,N/A,N/A,N/A,N/A,N/A,3,N/A,2,"1",3,0,"Yes","dead bodies","No",N/A,"No",N/A,"2","9","9","10","13","58","7","None at all",N/A
"338","A-054","One Week Post-Exposure","No",N/A,3,2,1,2,1,2,2,1,1,2,1,1,"Yes","1",2,"partner (boyfriend)",4,2,N/A,N/A,N/A,N/A,N/A,N/A,N/A,N/A,N/A,N/A,N/A,N/A,3,N/A,N/A,N/A,6,4,"No",N/A,"Yes","3","No",N/A,"62","98","100","91","75","99","47","A moderate amount",N/A
"339","A-055","One Week Post-Exposure","No",N/A,2,2,2,2,0,1,0,1,0,1,0,0,"No",N/A,N/A,N/A,N/A,N/A,N/A,N/A,N/A,N/A,N/A,N/A,N/A,N/A,N/A,N/A,N/A,N/A,2,N/A,N/A,N/A,4,0,"No",N/A,"No",N/A,"No",N/A,"0","0","100","100","0","0","0","A little",N/A
"340","A-015","One Week Post-Exposure","No",N/A,2,3,3,2,0,1,2,0,1,2,2,2,"Yes","1",3,"Friend ",3,2,N/A,N/A,N/A,N/A,N/A,N/A,N/A,N/A,N/A,N/A,N/A,N/A,1,N/A,1,"3",4,1,"Yes","The first segment had spiders and I'm scared of spiders. ","No",N/A,"No",N/A,"94","80","26","96","3","64","15","A little",N/A
"341","A-074","One Week Post-Exposure","No",N/A,1,3,2,2,1,1,2,0,2,2,1,2,"Yes","3",3,"Sister",4,4,"Friend",4,4,"Friend",4,4,N/A,N/A,N/A,N/A,N/A,N/A,2,N/A,1,"2",4,3,"Yes","Not being able to see","No",N/A,"No",N/A,"27","31","29","45","7","89","23","A little",N/A
"342","A-046","One Week Post-Exposure","No",N/A,2,3,3,2,0,1,1,2,0,2,0,1,"No",N/A,N/A,N/A,N/A,N/A,N/A,N/A,N/A,N/A,N/A,N/A,N/A,N/A,N/A,N/A,N/A,N/A,4,N/A,1,"3",5,5,"No",N/A,"No",N/A,"No",N/A,"10","77","100","33","1","51","20","A little",N/A
"343","A-119","One Week Post-Exposure","No",N/A,2,3,1,2,0,0,1,1,1,2,2,1,"No",N/A,N/A,N/A,N/A,N/A,N/A,N/A,N/A,N/A,N/A,N/A,N/A,N/A,N/A,N/A,N/A,N/A,2,N/A,N/A,N/A,2,1,"No",N/A,"No",N/A,"No",N/A,"80","35","30","25","0","65","0","None at all",N/A
"344","A-073","One Week Post-Exposure","No",N/A,1,4,4,3,1,1,2,1,2,3,1,2,"Yes","4",2,"brother",4,0,"friend",4,1,"boyfriend",4,3,"friend",3,0,N/A,N/A,N/A,3,N/A,N/A,N/A,2,0,"Yes","gross images/objects","No",N/A,"No",N/A,"63","5","11","4","27","82","1","A little",N/A
"345","A-099","One Week Post-Exposure","No",N/A,1,4,3,2,1,0,2,2,1,1,1,2,"Yes","4",0,"Girlfriend",4,0,"Close friend",2,0,"Close Friend",2,0,"Close friend",2,0,N/A,N/A,N/A,2,N/A,3,"1",5,4,"No",N/A,"No",N/A,"No",N/A,"100","50","74","74","20","50","0","A little",N/A
"346","A-112","One Week Post-Exposure","No",N/A,2,1,1,1,0,0,2,0,0,2,2,0,"No",N/A,N/A,N/A,N/A,N/A,N/A,N/A,N/A,N/A,N/A,N/A,N/A,N/A,N/A,N/A,N/A,N/A,2,N/A,5,"2",6,4,"Yes","Closterphobia","No",N/A,"No",N/A,"73","18","100","100","12","100","0","None at all",N/A
"347","A-007","One Week Post-Exposure","Yes",N/A,2,1,1,1,0,0,1,1,2,2,3,2,"No",N/A,N/A,N/A,N/A,N/A,N/A,N/A,N/A,N/A,N/A,N/A,N/A,N/A,N/A,N/A,N/A,N/A,N/A,N/A,N/A,N/A,5,N/A,"No",N/A,"No",N/A,"No",N/A,N/A,N/A,N/A,N/A,N/A,N/A,N/A,"None at all",N/A
"348","A-068","One Week Post-Exposure","No",N/A,2,0,0,1,0,0,2,1,0,1,1,1,"No",N/A,N/A,N/A,N/A,N/A,N/A,N/A,N/A,N/A,N/A,N/A,N/A,N/A,N/A,N/A,N/A,N/A,1,N/A,N/A,N/A,5,6,"No",N/A,"No",N/A,"No",N/A,"73","64","99","43","0","28","0","A little",N/A
"349","A-122","One Week Post-Exposure","No",N/A,3,2,0,1,0,0,1,0,0,2,2,2,"Yes","1",2,"Friend",2,2,N/A,N/A,N/A,N/A,N/A,N/A,N/A,N/A,N/A,N/A,N/A,N/A,1,N/A,2,"2",5,5,"No",N/A,"No",N/A,"No",N/A,"50","84","100","31","2","60","81","None at all",N/A
"350","A-090","One Week Post-Exposure","No",N/A,3,2,1,2,0,1,3,1,0,3,0,1,"Yes","2",2,"friend",3,3,"friend",3,2,N/A,N/A,N/A,N/A,N/A,N/A,N/A,N/A,N/A,3,N/A,4,"6",6,4,"No",N/A,"No",N/A,"No",N/A,"51","92","89","91","55","35","82","None at all",N/A
"351","A-117","One Week Post-Exposure","No",N/A,3,3,1,3,0,1,1,0,0,2,0,1,"Yes","2",3,"Friend",3,3,"Friend",3,3,N/A,N/A,N/A,N/A,N/A,N/A,N/A,N/A,N/A,3,N/A,5,"4",6,5,"No",N/A,"No",N/A,"No",N/A,"100","100","100","100","10","75","50","A little",N/A
"352","A-041","One Week Post-Exposure","No",N/A,0,0,0,0,0,0,3,0,1,1,1,3,"No",N/A,N/A,N/A,N/A,N/A,N/A,N/A,N/A,N/A,N/A,N/A,N/A,N/A,N/A,N/A,N/A,N/A,3,N/A,N/A,N/A,3,0,"No",N/A,"No",N/A,"No",N/A,"99","0","100","51","55","50","66","None at all",N/A
"353","A-089","One Week Post-Exposure","No",N/A,2,1,2,1,0,1,1,0,0,1,2,1,"Yes","2",3,"Friend",3,3,"Friend",3,3,N/A,N/A,N/A,N/A,N/A,N/A,N/A,N/A,N/A,2,N/A,3,"2",4,1,"No",N/A,"No",N/A,"No",N/A,"34","67","85","7","0","0","0","A little",N/A
"354","A-123","One Week Post-Exposure","No",N/A,4,1,1,2,0,0,1,0,3,1,1,1,"Yes","1",2,"classmate",0,3,N/A,N/A,N/A,N/A,N/A,N/A,N/A,N/A,N/A,N/A,N/A,N/A,2,N/A,N/A,N/A,6,5,"No",N/A,"No",N/A,"No",N/A,"100","88","100","100","25","43","22","None at all",N/A
"355","A-095","One Week Post-Exposure","No",N/A,2,1,1,2,1,0,2,0,0,2,2,1,"Yes","1",3,"Teammate ",3,3,N/A,N/A,N/A,N/A,N/A,N/A,N/A,N/A,N/A,N/A,N/A,N/A,1,N/A,1,"3",5,4,"No",N/A,"No",N/A,"No",N/A,"100","94","50","68","100","28","9","A little",N/A
"358","A-114","One Week Post-Exposure","No",N/A,3,3,0,2,0,0,1,0,1,1,1,1,"Yes","1",2,"Friend",2,1,N/A,N/A,N/A,N/A,N/A,N/A,N/A,N/A,N/A,N/A,N/A,N/A,1,N/A,1,"2",4,5,"No",N/A,"No",N/A,"No",N/A,"50","75","90","50","0","50","15","None at all",N/A
"359","A-010","One Week Post-Exposure","No",N/A,4,2,1,1,2,1,0,1,0,2,0,0,"Yes","1",2,"friend",3,2,N/A,N/A,N/A,N/A,N/A,N/A,N/A,N/A,N/A,N/A,N/A,N/A,2,N/A,0,"2",5,1,"Yes","the arching electricity scared me. I am an electrican and I have almost died 2 times due to an arc. I only live beasue of sheer luck","No",N/A,"No",N/A,"7","70","78","28","0","15","0","A little",N/A
"361","A-113","One Week Post-Exposure","No",N/A,0,3,3,2,1,2,2,2,1,3,2,2,"No",N/A,N/A,N/A,N/A,N/A,N/A,N/A,N/A,N/A,N/A,N/A,N/A,N/A,N/A,N/A,N/A,N/A,3,N/A,N/A,N/A,0,0,"No",N/A,"No",N/A,"No",N/A,"100","0","39","86","0","97","0","A little",N/A
"362","A-084","One Week Post-Exposure","No",N/A,2,1,0,1,0,0,1,0,1,0,0,1,"No",N/A,N/A,N/A,N/A,N/A,N/A,N/A,N/A,N/A,N/A,N/A,N/A,N/A,N/A,N/A,N/A,N/A,1,N/A,3,"4",6,1,"No",N/A,"No",N/A,"No",N/A,"49","86","100","37","6","100","100","None at all",N/A
"364","A-050","One Week Post-Exposure","No",N/A,3,2,0,2,2,1,0,1,0,2,1,0,"Yes","1",2,"friend/teammate",3,1,N/A,N/A,N/A,N/A,N/A,N/A,N/A,N/A,N/A,N/A,N/A,N/A,2,N/A,N/A,N/A,6,6,"No",N/A,"No",N/A,"No",N/A,"88","100","100","100","6","100","3","A little",N/A
"365","A-115","One Week Post-Exposure","No",N/A,3,1,0,1,0,0,1,0,1,1,1,1,"Yes","1",2,"friend",1,2,N/A,N/A,N/A,N/A,N/A,N/A,N/A,N/A,N/A,N/A,N/A,N/A,2,N/A,3,"1",3,4,"No",N/A,"No",N/A,"No",N/A,"100","43","18","37","0","0","0","A moderate amount",N/A
"366","A-124","One Week Post-Exposure","No",N/A,N/A,N/A,N/A,N/A,N/A,N/A,N/A,N/A,N/A,N/A,N/A,N/A,"No",N/A,N/A,N/A,N/A,N/A,N/A,N/A,N/A,N/A,N/A,N/A,N/A,N/A,N/A,N/A,N/A,N/A,2,N/A,N/A,N/A,N/A,2,"No",N/A,N/A,N/A,N/A,N/A,"43","59","89","0","0","60","50",N/A,N/A
